Raman Shift (cm-1),Processed Intensity
159.26151312198635,0.0016471346041140658
162.17892251266312,0.04033552090110993
165.06070388440276,0.0
167.97629817665074,0.19451990760149002
170.89098012548493,0.115078427338158
173.77006778237046,0.2724793902477518
176.68293717714914,0.19244067141346186
179.59489550712533,0.30303108220359487
182.50594319967058,0.28335733431695675
185.38144153980102,0.37558254722298684
188.29068006676243,0.36669788362926964
191.19900923170644,0.3411000827763856
194.07182265961455,0.5091297010854615
196.97834519226308,0.46015318378945863
199.8839596359394,0.4262839896765552
202.75409191031576,0.4761728143456128
205.65790225025557,0.614875587789907
208.5608057718964,0.5499550544639611
211.42826064439942,0.5463480994507606
214.32936258615155,0.6817996360389529
217.22955897789507,0.6608565742688893
220.09434019320543,0.6233465863834704
222.9927375242005,0.6806805095170874
225.89023057112718,0.604731336568061
228.75234186693342,0.616386278201648
231.64803836756255,0.6141904695766801
234.54283184768065,0.6113554465652623
237.4022769547155,0.6359970692643361
240.2952763983085,0.5968789833279372
243.18737408261222,0.6103797326480093
246.04415672466348,0.5793385709534882
248.93446287752522,0.5833515726601314
251.82386852998388,0.6517062616286031
254.67799242389083,0.5306464255440402
257.565609045334,0.6844733441548131
260.41796602711474,0.624934809295867
263.3037952786035,0.631434775118296
266.18872612093764,0.5954224527259758
269.0384305290536,0.5584084270585978
271.9215764941182,0.5927925091725917
274.8038253026716,0.6245239411948529
277.65088083558294,0.5952938669557069
280.5313472549242,0.5763316603877652
283.37664243438485,0.5890236437197189
286.2553281173605,0.5096529277121495
289.13311872473423,0.579533293921394
291.97577117291803,0.5827550337328794
294.85178352428557,0.4493643962248183
297.6926797004962,0.4767528205740559
300.5669154435891,0.4522742076669072
303.44025818556474,0.4854335263273922
306.2785177554506,0.5189238186868892
309.150086361853,0.4918382373604924
311.98659372863403,0.5031007052569759
314.85638984211255,0.4658460065190101
317.69114662786524,0.48335144029901667
320.55917188903913,0.48365868679050555
323.42630704161274,0.44764555009295504
326.25843576130865,0.44512099016370793
329.1238025236089,0.546989345120762
331.9541847135806,0.47081718882291046
334.8177847211591,0.4070911279367861
337.6464219965019,0.3996290635608631
340.5082568828984,0.40997254635285163
343.3351508567066,0.4393983602740051
346.1952222534492,0.42097735719153845
349.0203745368344,0.45262167334812536
351.8786840734356,0.48498862878088933
354.7361080202609,0.43748774748360536
357.55864557949826,0.4117465676902234
360.4143101115624,0.4480260336305749
363.23511000427607,0.4166296148828267
366.08901674608205,0.4557954002531602
368.90808057645336,0.4306340282578042
371.7602311504961,0.38727013582080166
374.57756052071636,0.43366044331583525
377.42795654749716,0.44041073513229195
380.2435530577968,0.46339034927178324
383.0921961558306,0.38593448630095234
385.90606140446107,0.43574679587367254
388.7529531902692,0.468361549562717
391.56508877352826,0.4299465171313646
394.41023086164205,0.4291001284423746
397.2206383738594,0.49623210616683855
400.0640323768239,0.4026356087324311
402.8727134103756,0.4625993059624253
405.71436093876036,0.5628113541447292
408.5213170840616,0.47944419300833024
411.36121974646085,0.5260950297440098
414.16645259197685,0.49116161973403083
417.00461199500205,0.43182901244406635
419.8081231272481,0.5191875700347695
422.6107791472823,0.4770987181822447
425.446331879084,0.450638536170339
428.2472685572284,0.5231364106647929
431.0810820327788,0.5558268316372199
433.88030095069917,0.48934493276942176
436.71237676973396,0.5505362423534368
439.5098795071426,0.4666648103400874
442.3402192674366,0.45771014477648786
445.1360074021177,0.45593197768553756
447.930943955329,0.5039090872192263
450.75868780728706,0.5557911047015122
453.5519121161087,0.600947697499931
456.3779238904244,0.565096453368698
459.1694375278166,0.6482971081665106
461.99371881542174,0.5863447814268911
464.7835233524238,0.6583494769722955
467.5724790401364,0.6052583913465651
470.39417274803054,0.776811601810341
473.18142168360646,0.6902485924175228
476.00138886887726,0.630535137811578
478.7869326185464,0.7188454945995588
481.60517486533354,0.6330285275832158
484.3890149934232,0.6838460704544543
487.17200899273666,0.7581220222485946
489.9876719528438,0.5730228874425417
492.76896466880135,0.6853388204832681
495.5829066375736,0.6680771284212301
498.3624996297294,0.6882998973504747
501.14124842855017,0.757102366090628
503.9526170105346,0.7422168070092414
506.7296684166504,0.7162454556141904
509.505876786945,0.6963132348336051
512.3146755106209,0.7523019588978774
515.0891888150436,0.7457874912729181
517.8962728359329,0.7376503275140815
520.6690926264382,0.6636598183636931
523.4410713071484,0.6337257801475283
526.2455913408958,0.682559640582417
529.0158788274384,0.7139412855604605
531.785326356061,0.6500350187483117
534.5872859139781,0.6453012687465888
537.3550445639485,0.7041751910857567
540.1219644057746,0.6726176956491287
542.9213669927594,0.6411118856125265
545.686600267225,0.6983351114577342
548.4509958812232,0.6919233910033207
551.2478449957853,0.6961144810128949
554.0105563494981,0.6260751862800886
556.805701690384,0.5936029821931258
559.5667303225964,0.627918664390706
562.3269232040038,0.5244047441769073
565.0862807140293,0.49576155059850113
567.8780333537688,0.5731848180149919
570.6357112050464,0.5333338042071728
573.3925548263542,0.4973412922720366
576.1817644509756,0.4563753671109628
578.9369307080196,0.5421538708435113
581.6912638744288,0.5073523210761205
584.4779339570123,0.48666996795116896
587.2305920494691,0.4713079240443924
589.9824181885451,0.3824274989350912
592.7665521958479,0.5458236077159979
595.5167055471175,0.44858009784453545
598.2660280801974,0.39488681225900896
601.0145201715131,0.43431790467113107
603.7952814999189,0.42020553175297765
606.5421038421155,0.39667379755195237
609.2880968749887,0.44784318329438194
612.0663301881068,0.44446400871306724
614.8106557483188,0.4058728953706234
617.554153129593,0.35941454917371546
620.2968227067649,0.4111041198226494
623.0716940541533,0.3653697841812431
625.8126991844802,0.3902705986733535
628.552877638358,0.3701229790771071
631.2922297897167,0.3705792333911743
634.0637452701958,0.36941023059575107
636.8014359932095,0.36200207684825136
639.5383015386324,0.4653020478937428
642.3073015987065,0.4010031704462639
645.0425079771339,0.4070033368644719
647.7768903008473,0.39022917291894194
650.5104489421938,0.4347558671368588
653.2431842732913,0.32470070407266544
656.0080062575216,0.3945687096702709
658.7390861754284,0.29456770684205075
661.4693439025905,0.41061926109584673
664.1987798102273,0.39268863220388694
666.9602641357596,0.3769838337013074
669.6880476268889,0.3406347523368287
672.4150104152941,0.38467843302070154
675.141152871307,0.39640026740301304
677.8993055782594,0.4024759978032713
680.6237986072192,0.4744944281292292
683.3474724178923,0.4508829922709079
686.0703273797008,0.4614391149085781
688.7923638618704,0.5373140986606678
691.5463630106569,0.43855452816178936
694.2667537902307,0.40774680795050255
696.9863272009134,0.44627717453084564
699.705083611032,0.3869998036878073
702.4230233886883,0.4635501482734367
705.1728783546314,0.5416551641736583
707.8891761429404,0.470154053104743
710.6046584062024,0.4393513287756238
713.3193255116239,0.4845853171490916
716.033177826208,0.44205981180788234
718.7462157167283,0.4743984597704144
721.491111983778,0.49958222229022653
724.2025123243511,0.5386203852389204
726.9130993442814,0.45255047699743073
729.6228734094693,0.5759988095488969
732.3318348855792,0.5837178012988832
735.0399841380749,0.48257406732219793
737.7799351068679,0.5233326780371648
740.4864512328204,0.4374288413760149
743.1921562345997,0.44229897805188884
745.8970504767931,0.508801358738598
748.6011343237551,0.5846819203894414
751.3044081396256,0.5471772327143576
754.0394271625555,0.5616371679370434
756.741072259374,0.4790782463456821
759.4419084205874,0.5224637082369582
762.1419360094733,0.5296721651798951
764.8411553890837,0.5861186800559407
767.539566922238,0.5742317275880543
770.2371709715626,0.546935119250559
772.9339678994475,0.5457639806410297
775.6624349602753,0.5250423974152494
778.3576090181923,0.57026010405942
781.0519770449282,0.5109680978124308
783.7455394020071,0.589678327325672
786.4382964507422,0.6358953755673008
789.1302485522319,0.5292005505743733
791.8213960673565,0.5760834240390369
794.5117393567816,0.5380514231147212
797.2012787809545,0.5670094495327487
799.922404211542,0.5060741981262006
802.6103273114531,0.54055433225489
805.2974476305062,0.48810951247972745
807.9837655282827,0.5013145656494454
810.6692813641639,0.5883759697499531
813.3539954973021,0.5391053916545192
816.037908286642,0.505575217915732
818.7210200909067,0.5350149275967913
821.4033312686151,0.5957705982607341
824.0848421780756,0.5974025880260655
826.7655531773598,0.5270148121915484
829.4777478409233,0.6385537160617089
832.1568504666102,0.5200925878402155
834.8351542594137,0.5243915157256094
837.5126595765614,0.5087568873326164
840.1893667750774,0.5594411856149236
842.8652762117599,0.6240228878840708
845.5403882432074,0.5519367912907912
848.2147032257963,0.6036152916270382
850.8882215157028,0.5243202018143905
853.5609434688704,0.5101713361593667
856.2328694410462,0.5094170974657486
858.9039997877626,0.5511990593653492
861.5743348643446,0.4985179576853441
864.2438750258916,0.5314154632585791
866.9126206273068,0.49664668665904027
869.5805720232747,0.5209944423381713
872.2477295682729,0.49341897425973585
874.9140936165568,0.4609822924414239
877.5796645221853,0.5042425441925733
880.2444426389957,0.5354397901121167
882.9084283206321,0.484399563123435
885.5716219205024,0.5388676497497844
888.2340237918252,0.49686228579086306
890.8956342876045,0.5189973880275232
893.5564537606224,0.4361174073190678
896.2164825634645,0.5096596331313041
898.8757210485091,0.5088356257013326
901.566194253428,0.4099075363052772
904.2238436478765,0.5035327852788559
906.88070378462,0.5132452320119303
909.5047788508018,0.3589447698424991
912.1600710251078,0.42291089467066034
914.8145749914547,0.37298501068775963
917.4682911007549,0.46323526129074677
920.1212197037094,0.48297089277629146
922.7733611508156,0.40120792566727426
925.4247157923564,0.437346003281514
928.0752839784072,0.4012944974897266
930.725066058847,0.44395345289837035
933.3740623833291,0.46935638664901635
936.0222733013143,0.37584247311304725
938.669699162052,0.3526648349297894
941.3163403145809,0.35024914009053837
943.9621971077358,0.39907682392442356
946.607269890148,0.4098806333023461
949.2515590102339,0.4223534421034382
951.8950648162136,0.33165229453945
954.5377876560888,0.3603589721495932
957.1797278776648,0.4103297474257904
959.8208858285398,0.32898967107997745
962.4612618561077,0.3437774658639337
965.1008563075484,0.360736422740613
967.7396695298376,0.3564192010144635
970.3777018697583,0.3041963274497616
973.0149536738754,0.35563777684260695
975.65142528855,0.3151260668842488
978.2871170599428,0.3643776963523723
980.8902880408277,0.31376207998302397
983.5244305486303,0.2682069777573488
986.1577942462391,0.2588212698031656
988.7903794789963,0.3857583636385636
991.4221865920408,0.2792208684266516
994.0532159303111,0.30230686614888175
996.6834678385349,0.28837303630498484
999.3129426612431,0.28682614094908276
1001.9416407427561,0.2708692314266572
1004.5695624271975,0.3229027653582567
1007.1967080584836,0.21800014598406414
1009.8230779803271,0.29396987459243357
1012.4170434801454,0.2873233476349152
1015.041872349022,0.2768594330127883
1017.665926534246,0.3126132856252904
1020.2892063787294,0.2932590554566736
1022.9117122251773,0.2725580061185489
1025.5334444160871,0.29388759923649654
1028.15440329376,0.262621213379469
1030.7745892002931,0.3303288327345631
1033.3940024775802,0.34041598367009146
1035.9810981708106,0.3253331954077137
1038.598976513018,0.3035847755771865
1041.2160832463414,0.289533254034529
1043.832418711885,0.32370892359688347
1046.447983250535,0.3275633112828
1049.0627772029802,0.2550391971649972
1051.676800909714,0.30577352486781456
1054.290054711022,0.31864984546316116
1056.8710678120515,0.25427018138526053
1059.48279208834,0.268806561692074
1062.093747474777,0.29840874036908427
1064.7039343108554,0.27491204954321535
1067.313352935871,0.28657878040734486
1069.9220036889128,0.3171632778312637
1072.4984711957586,0.2880776291431426
1075.105596462614,0.28682570214339487
1077.7119548694973,0.27719210642754677
1080.317546754708,0.3129381141937975
1082.9223724563308,0.24132131486348626
1085.5264323122756,0.25511194894097494
1088.1297266602414,0.2925096178946657
1090.700904617097,0.2822962101213892
1093.3026781742628,0.36020873836176287
1095.90368723129,0.240653722710566
1098.5039321250988,0.3203928783706929
1101.1034131923952,0.29176416476715084
1103.6708254619662,0.2681136576675949
1106.2687890782108,0.30863875652132583
1108.8659898728438,0.22421532761135268
1111.4624281817887,0.2910189955574896
1114.0581043407765,0.30020132499357727
1116.6217591897112,0.2972791955529357
1119.2159212276165,0.2171783842551118
1121.8093221175222,0.3124218000321271
1124.4019621943662,0.2899182249312889
1126.9938417929043,0.3203304548299815
1129.5537474636767,0.33461906893019394
1132.1441162613737,0.3209677334608368
1134.7337255797866,0.28771300636294783
1137.322575752878,0.26851848549106105
1139.9106671144218,0.32953902169199417
1142.466831825419,0.3533337698255581
1145.0534156966605,0.28655020610026527
1147.6392417524658,0.34268921823008247
1150.2243103258224,0.324458542723645
1152.7774899721844,0.35759968570057726
1155.3610536951164,0.3902666575490405
1157.9438609293902,0.3664843232024508
1160.5259120072114,0.3699930078947991
1163.1072072606003,0.3155450272053701
1165.6566606759006,0.33290192647363964
1168.2364543720396,0.35263124440232285
1170.8154932346333,0.34789998670848005
1173.3937775949307,0.3094967006720708
1175.940257690534,0.3308400286002712
1178.5170431196166,0.3677862861685218
1181.0930750349762,0.377424738064684
1183.6683537670833,0.3569081987758748
1186.2118657414467,0.3296487928529039
1188.7856481622657,0.3186617783171721
1191.3586783861065,0.32608913120272015
1193.9309567426717,0.3043663246143248
1196.471505782134,0.38710818362608507
1199.0422904412299,0.40338651741713993
1201.6123242170252,0.3637177461616839
1204.1506566845674,0.3744176525874995
1206.7191987172919,0.43136819175607893
1209.2869908489847,0.3600199369103412
1211.8540334080099,0.3724034231057501
1214.389411983815,0.3494058470427179
1216.9549654029506,0.3672990671682692
1219.5197702293917,0.3985821109832257
1222.0529389950316,0.3477572633314211
1224.61625662804,0.462763462986924
1227.1788266466283,0.3633857286996176
1229.7406493778217,0.4137270583904895
1232.2708732581305,0.47340533118354017
1234.8312113884967,0.43261991384709836
1237.3908032074723,0.36770858633021386
1239.9188240118929,0.386160953650764
1242.4769331685857,0.3810229292153043
1245.0342969881858,0.41724392003006233
1247.560117592806,0.5019929161131712
1250.116000685306,0.44943180221365303
1252.6711394133126,0.36504062516956254
1255.194762689218,0.39282040896164916
1257.7484226219312,0.46634613789925394
1260.3013391610693,0.4562902551623938
1262.822767974354,0.4404992305014041
1265.3742076466478,0.46827657148851953
1267.924904894593,0.47310029341038295
1270.4441421063602,0.432161291431671
1272.993364412563,0.526402260262264
1275.5418452619597,0.433558527213689
1278.0588937283464,0.42876944078006435
1280.6059015577484,0.42752018055318497
1283.1521688962057,0.41169131232764317
1285.6670314683906,0.4968134100887817
1288.2118277052796,0.5407576661625553
1290.755884415401,0.5383009760455093
1293.2685639396113,0.4743392977867781
1295.811151463251,0.5194296277587489
1298.3530004226377,0.4727317401058585
1300.8634997401532,0.49533158988940085
1303.403881424827,0.5688673290427375
1305.9129317732186,0.5835782910138796
1308.4518474532706,0.4989947560852074
1310.9900261682633,0.5622878565492322
1313.4969010306886,0.5151724443847222
1316.0336156473168,0.6231653756970508
1318.5695942569437,0.5892933588235865
1321.074296461582,0.6096466587300764
1323.6088128757874,0.5953523710001714
1326.112071126503,0.6222201188442154
1328.6451266095319,0.6219767004726693
1331.1774476773753,0.6421571200305947
1333.6785379692556,0.6864168657989809
1336.209400003383,0.6285337860551998
1338.7090494631484,0.7091195537119098
1341.2384537241596,0.6461945598992302
1343.76712515721,0.6670011114192429
1346.2646113435585,0.7485657963122502
1348.7918268954818,0.7157610492743588
1351.2878753625337,0.7522561664463667
1353.8136362903097,0.7857563017325764
1356.338665972784,0.730650372887475
1358.832555838333,0.7401551749623215
1361.3561327831994,0.7922194352994415
1363.8485880333137,0.7504579172601096
1366.3707134939323,0.7566150370944906
1368.8921092873425,0.8012839511045954
1371.3824105944368,0.8298384522022986
1373.9023567847216,0.8433385518942923
1376.3912265713043,0.7903127718898824
1378.9097244082113,0.8081499814888752
1381.3971639082774,0.7874308051635082
1383.914214640121,0.8791096292463719
1386.4002250862322,0.8851702153283271
1388.9158299598967,0.8321283838239361
1391.4307079939972,0.8762166328965448
1393.9145728441363,0.8862710262475626
1396.4280068914595,0.7956874971079726
1398.9104457665926,0.9045384066985114
1401.422437070447,0.907224336047603
1403.9034511981918,0.8356814883856498
1406.4140010004412,0.9194108137817182
1408.893591607004,0.8964203315013362
1411.4027011481012,0.8801464626475782
1413.8808694582804,1.0
1416.388539977259,0.8889148684185235
1418.8954870924463,0.9406123234600421
1421.3715199489052,0.9477258616700047
1423.877029901585,0.9309065695403371
1426.3516435212223,0.8748629655773148
1428.8557175468777,0.9178171638634589
1431.3289131495767,0.9326009988264158
1433.8315524822574,0.9252939133936483
1436.3033312865118,0.9680301675955996
1438.8045371588632,0.9014178779832506
1441.2749003817698,0.9809830643440821
1443.7746740250223,0.920048113653058
1446.2436228822844,0.9153537357402795
1448.7419655262602,0.8709824074951762
1451.2095012321843,0.8885462194561943
1453.7064141053015,0.8962444589817842
1456.1725378728079,0.9020679224963357
1458.6680222020732,0.9537966985864355
1461.1327352426997,0.8914388649404716
1463.6267922537227,0.8058166398822197
1466.090095777603,0.8635258406392826
1468.582726694589,0.8499035132923088
1471.044621910496,0.7608830632881731
1473.5358279562424,0.8291420392955288
1475.996316071556,0.7607051870069537
1478.4860984674815,0.7498965757108261
1480.9451806882025,0.786286151611208
1483.4335406543069,0.8345815648271684
1485.8912181850574,0.7991054951559657
1488.3781569399653,0.7942929235518162
1490.8344309839958,0.7145855699422932
1493.2900079848114,0.7621554124764067
1495.7748215041174,0.7388951976406449
1498.2289968168734,0.7480956553160988
1500.7123921617567,0.7013716635624436
1503.1651669862695,0.6534449513621498
1505.647145370498,0.7060205766764976
1508.0985209052233,0.7274146635327041
1510.579083541168,0.6057940030742389
1513.02906098319,0.6623428832022414
1515.5082090818432,0.628465781362474
1517.9567896268818,0.6056127217931461
1520.4046764008053,0.6353406186230214
1522.8817092402714,0.5840212004640025
1525.3282009046197,0.6214371970822359
1527.803822224585,0.6059424672064321
1530.2489199716838,0.6651149983630946
1532.7231309783128,0.6953263756285386
1535.16683599912,0.6312172274402956
1537.6098493197496,0.5676026434359023
1540.0819513813403,0.6090112075784151
1542.5235737559778,0.5889257944101906
1544.994268510025,0.5856010468573914
1547.4345011262485,0.5799032262557466
1549.8740435159852,0.5815667532128107
1552.3426338181598,0.6212607521588922
1554.7807882247253,0.6535575906518071
1557.2479742165997,0.6669413095238832
1559.6847418242032,0.6457962193085854
1562.1505247037494,0.6311949155277222
1564.5859066952507,0.616566045344913
1567.0206005171167,0.5930530067091101
1569.4842852159818,0.5774233659301385
1571.9175951899415,0.5811942494811174
1574.3798797618183,0.5844743418919643
1576.8118070673772,0.5944266475906133
1579.2430476669651,0.6301633684348863
1581.7032385207967,0.5686052334685847
1584.1330982151667,0.6108584383958294
1586.5622720790707,0.5594823813510166
1589.0203718842022,0.5895131314904187
1591.4481666030697,0.5223787300062606
1593.904871038736,0.5366509858651084
1596.3312877867356,0.5790338608699332
1598.7570201613125,0.5269501566410705
1601.2116379906984,0.5691689004385413
1603.6359941496048,0.5259466871422004
1606.0596668066319,0.5616004551857492
1608.5122006870079,0.5786744712020043
1610.934498880586,0.5461487227708218
1613.3561144423438,0.5100985129128673
1615.8065670264696,0.5199483979539781
1618.2268098740242,0.5130250577521429
1620.6758735942421,0.52118522367959
1623.094744894468,0.5115674968264038
1625.5129350108691,0.4922286145957145
1627.9599218496624,0.46419076976461837
1630.3767421630328,0.46158537174566744
1632.7928821587084,0.4083935873213138
1635.2377947568493,0.5052743197632111
1637.6525666908383,0.4507282188010844
1640.0666591718,0.5047024376487437
1642.5095001655718,0.4340806459515739
1644.922226323244,0.44767766355243643
1647.3342738910796,0.48588723570265674
1649.7750459123163,0.5174069956108818
1652.1857288923165,0.4706896207126182
1654.5957341442154,0.4325067127705177
1657.0344398202942,0.43553326790451063
1659.4430822168652,0.4072175974776086
1661.8510477456148,0.4733540435579349
1664.2876896994567,0.42661752620368804
1666.6942941024645,0.4317769994536957
1669.1002224964723,0.469923237680958
1671.505475166272,0.43386862311882346
1673.939372341487,0.439023015741515
1676.3432661847764,0.45939554816866385
1678.7464851607474,0.46167331718646754
1681.178324713117,0.4428570882799244
1683.5801865853464,0.4402641959852722
1685.9813744456987,0.4051732624032245
1688.4111589834065,0.4908442822249177
1690.8109914598717,0.4507153298667281
1693.2101507784573,0.4581441646243129
1695.6086372223544,0.4402767095979305
1698.0356885569272,0.4153832004402129
1700.4328219032504,0.4510961319627622
1702.829283226958,0.43789805960009787
1705.2542856119908,0.47763183673174964
1707.6493955512196,0.4520268874567609
1710.0438343184687,0.4408186956573492
1712.4376021958233,0.45439108472521267
1714.8598794404752,0.4616069243392128
1717.2522982106711,0.4158780145209246
1719.6440469396985,0.4421593020003666
1722.035125909002,0.4617348866103909
1724.4546826043224,0.46959430809407776
1726.84441473868,0.4338883015970416
1729.2334779601333,0.4993342168841152
1731.6218725494982,0.409351667794658
1734.0387132762444,0.4372827781475493
1736.4257632977751,0.43839692875440456
1738.812145532138,0.42610629978382863
1741.1978602595154,0.4674031864191495
1743.6119895881566,0.4082186991740709
1745.996362009726,0.461226616211565
1748.3800677673353,0.4462311379386829
1750.7631071405485,0.42436273580308687
1753.1745296313093,0.42494356515941456
1755.5562289556656,0.4645281329528833
1757.9372627367593,0.4414687752870913
1760.3176312535215,0.42861961166381163
1762.726351456411,0.44140160104428494
1765.1053821762107,0.4843112420425595
1767.4837484709315,0.3965798886542966
1769.861450618875,0.4316058377123276
1772.2384888981978,0.4153766809901303
1774.6438396715384,0.41523202121257263
1777.0195429599771,0.3772183367842714
1779.3945832166974,0.43516513494972636
1781.7689607192297,0.456762697915655
1784.1716194015535,0.48573556215575825
1786.5446641537783,0.42860534593641125
1788.917046986844,0.4240582053975202
1791.2887681776592,0.3870139757345375
1793.6598280029793,0.4623434710603086
1796.0591299620246,0.5023404503737559
1798.4288598290113,0.409005267157584
1800.7979291632073,0.4652245890592734
1803.166338240746,0.4326734257572254
1805.5340873376008,0.4815121747932269
1807.9300396029103,0.44678373579927594
1810.2964615256205,0.41203822328201956
1812.6622242980302,0.4179848857575461
1815.0273281955015,0.38255821106564336
1817.391773493251,0.41244341773813553
1819.755560466332,0.38822680118303077
1822.1475039747602,0.4042109502540141
1824.5099671031167,0.35218141736955166
1826.8717727344083,0.4193926383690792
1829.232921143077,0.39079943831284736
1831.5934126034153,0.4156271295899444
1833.953247389567,0.3863531363234428
1836.3411921935112,0.41067810287876244
1838.699706453226,0.37586640377222075
1841.0575648635895,0.4195977915382343
1843.4147676981265,0.38192823636243783
1845.7713152302094,0.41744243266202574
1848.127207733065,0.36921100297632103
1850.5111638513335,0.3621847131128564
1852.865739134977,0.384787050715113
1855.219660211471,0.3822620719084168
1857.5729273534416,0.42712893614490643
1859.925540833341,0.396121883513647
1862.2775009234829,0.4026253603561675
1864.6288078960351,0.44580198666877374
1867.008124508553,0.362367830685908
1869.3581181052505,0.41558306604570533
1871.707459403242,0.38672771668478384
1874.0561486740771,0.4154806963891518
1876.4041861891674,0.3805860135728947
1878.7515722197604,0.37566539400235077
1881.098307036962,0.4039009941967078
1883.4443909117217,0.4297869327270375
1885.8184229440158,0.4131370940454589
1888.1631978161022,0.39496575979602716
1890.5073225610067,0.46990882464316924
1892.8507974490713,0.4127047924421687
1895.193622750503,0.4151190697640805
1897.535798735349,0.4091545225897833
1899.8773256735112,0.42428777489158426
1902.2182038347419,0.37979316069930064
1904.5869688732382,0.46928713110218684
1906.9265423855832,0.39078446578873494
1909.2654679326297,0.46133493724538055
1911.603745783541,0.40777757382772595
1913.9413762073127,0.42639976063767493
1916.2783594728025,0.4450173466241786
1918.6146958487152,0.4306366607549707
1920.9503856036063,0.40385785082432224
1923.2854290058822,0.4325106174674551
1925.6198263238075,0.4063926944258996
1927.9535778254904,0.4450853136418642
1930.3151323073544,0.434039854947805
1932.647585112667,0.4313557976641107
1934.979392908448,0.43201694307199673
1937.310555962209,0.3762327107542262
1939.6410745413195,0.4259569456685034
1941.970948913,0.4014828977858091
1944.3001793443218,0.41050067050740413
1946.6287661022143,0.4319077213785312
1948.9567094534577,0.40909560297410463
1951.284009664676,0.3990077714955281
1953.6106670023546,0.42090452928329136
1955.93668173283,0.4093009526638002
1958.2620541222896,0.4434154287784983
1960.586784436775,0.4215872062426996
1962.939211524841,0.3965801385633293
1965.262650664863,0.4268301293551664
1967.5854485303971,0.38891140291766585
1969.907605386892,0.4302069846833541
1972.2291214996621,0.39445742031814757
1974.5499971338613,0.39337234958913603
1976.8702325545019,0.3879287968209988
1979.1898280264613,0.4141351326811999
1981.5087838144536,0.39243805599543846
1983.8271001830544,0.41578936991289944
1986.1447773966975,0.4041333311907896
1988.4618157196637,0.4554461634748132
1990.7782154160923,0.4325612103215779
1993.0939767499767,0.38069827995451916
1995.4090999851614,0.3728789741001206
1997.7235853853526,0.4492986804456337
2000.0374332141073,0.42706851582221095
2002.3506437348333,0.3917711332081007
2004.6632172108002,0.3834344395707927
2006.975153905125,0.3533215794418165
2009.2864540807896,0.3739517124230404
2011.5971180006236,0.41467589687115125
2013.907145927311,0.4044823463287012
2016.2165381233972,0.42677646480305237
2018.5252948512825,0.406191968027768
2020.833416373218,0.41390817006095787
2023.1409029513125,0.4591365319323891
2025.4477548475334,0.424473117689633
2027.7539723236987,0.4199527599872029
2030.0595556414846,0.44942753792224344
2032.3645050624255,0.43032949772453394
2034.6688208479136,0.4073760053068318
2036.972503259196,0.38559150449865237
2039.2755525573666,0.40835351570474115
2041.5779690033887,0.4088372693586713
2043.8797528580799,0.3781663124750108
2046.1809043821086,0.446138198248768
2048.4814238360086,0.40021996213189753
2050.7813114801575,0.42313305336396706
2053.0805675748015,0.43247699868039347
2055.379192380042,0.4195428256743102
2057.6771861558336,0.4044282395331452
2059.974549161994,0.43771242987634584
2062.2712816581916,0.449890936003324
2064.5673839039555,0.37732112112359734
2066.862856158674,0.4246644038979703
2069.157698681589,0.4289621019841358
2071.451911731805,0.4054549805966219
2073.745495568277,0.38077249142440706
2076.038450449829,0.4135328967400864
2078.3307766351354,0.43456669703781575
2080.6224743827297,0.4249485979306404
2082.913543951003,0.4444692263990172
2085.2039855982075,0.4241265635409154
2087.493799582455,0.4056233224300428
2089.7829861617065,0.38711723831978423
2092.0715455937934,0.3779872522510739
2094.3594781364045,0.4202710385806079
2096.618893845858,0.41113048650678474
2098.9055810191603,0.38809131254655954
2101.1916420720554,0.37174863610990044
2103.4770772616685,0.4659405037642482
2105.7618868449754,0.4134166077366252
2108.0460710788248,0.36859416104595366
2110.3296302199124,0.408011858704909
2112.612564524803,0.4000299057097839
2114.8948742499124,0.42269432316407357
2117.176559651518,0.3627881912196612
2119.457620985766,0.41006714702114316
2121.738058508654,0.41111890653853506
2124.017872476041,0.4371227827073658
2126.2970631436438,0.40015143880301496
2128.5756307670454,0.3864574492366543
2130.825799536793,0.44209350289995075
2133.1031294283057,0.38384482594460945
2135.379837038403,0.3731582687385608
2137.655922622118,0.3946256304763191
2139.931386434324,0.4335086330517725
2142.2062287297704,0.4166182396703543
2144.480449763065,0.4236752778260535
2146.7540497886694,0.4067802939072017
2149.027029060915,0.4444817505468684
2151.299387833984,0.4130114442893061
2153.5434259683934,0.4133560088797942
2155.814552064472,0.419899429050025
2158.085058420016,0.39227461440203504
2160.3549452886655,0.3988137056650622
2162.6242129239145,0.3807310045117957
2164.8928615791265,0.43851494288546033
2167.1608915075158,0.4326541327792455
2169.4283029621693,0.39614229047779326
2171.6950961960356,0.39211965531222903
2173.933638899318,0.4292912340159461
2176.1992039814722,0.3843993096743924
2178.4641515977673,0.3997984500707038
2180.728482000588,0.38555154936184316
2182.9921954422025,0.3780019372607554
2185.25529217473,0.43091093455480617
2187.517772450148,0.40376226876051274
2189.7796365203067,0.40139886914346307
2192.0133121493745,0.3799369941749437
2194.2739520710493,0.42379459887350707
2196.533976539111,0.4117118432184848
2198.79338580486,0.3935979920080791
2201.052180119459,0.40395408708453445
2203.310359733936,0.3975603647480827
2205.56792489918,0.4169569395738072
2207.797355772105,0.3825868340135954
2210.0537002766614,0.38841410007450117
2212.309431080779,0.39156000917726
2214.5645484348024,0.4258556801545794
2216.819052588944,0.4055510235468011
2219.072943793275,0.36397471604115245
2221.326222297732,0.38888665651800813
2223.5514205027794,0.4052519831431134
2225.8034818211127,0.42228924467194084
2228.0549311855284,0.3612789851930888
2230.3057688454173,0.3754660507673074
2232.5559950500465,0.38462721416520895
2234.805610048541,0.38658524676705536
2237.027190890254,0.3449934326073237
2239.2755916694696,0.43571338266781395
2241.5233819860805,0.3936197493358176
2243.77056208867,0.425718677880238
2246.01713222569,0.3322057325273571
2248.2630926454585,0.3827248341922335
2250.481064937456,0.3834975232096459
2252.72581409516,0.38946415630183134
2254.9699542767303,0.3897351644376645
2257.2134857299425,0.38933498789526233
2259.4564087024482,0.3606293335561231
2261.6713818025783,0.41113756784607536
2263.91309596903,0.38577911619605154
2266.154202393889,0.4088213985171345
2268.3947013242614,0.3628604749536508
2270.6345930071257,0.4083428600490993
2272.8465729946365,0.4024043678794815
2275.0852583208252,0.43163890872934646
2277.323337136626,0.3828263639957453
2279.5608096884753,0.4003351023592754
2281.7976762226863,0.4235371354533897
2284.006669160415,0.4254649746470747
2286.242331780719,0.41399647866393474
2288.4773891185105,0.3640064338458115
2290.711841419572,0.4183558824424831
2292.9456889295434,0.36953627610189355
2295.151700863964,0.3865325845687011
2297.3843468962004,0.42580597802950587
2299.616388870494,0.38753491730182027
2301.8478270319647,0.4341756843592519
2304.051459960101,0.42386914229867145
2306.281698586856,0.41456966907697707
2308.511334132352,0.38182207665247053
2310.7403668411753,0.4016626139185349
2312.968796957779,0.37125815939335394
2315.1694597222486,0.42224558096841525
2317.3966927285073,0.4062429559076313
2319.6233238721434,0.3724866462874622
2321.849353397087,0.4184504282361565
2324.047645800674,0.39473861668489585
2326.272480148884,0.409549625946234
2328.4967136064224,0.41983799667895877
2330.7203464166923,0.3619610869400673
2332.9162722870533,0.3906681644638067
2335.1387118500425,0.4232296004402773
2337.36055149222,0.426313847049672
2339.5817914564686,0.3868574286190534
2341.7753546130225,0.398814152200854
2343.9954032552887,0.40189674394102537
2346.214852944522,0.38488113468476703
2348.433703923074,0.39231720374591794
2350.6249081770256,0.38635148415707693
2352.8425697547573,0.37653609734068544
2355.0596333451467,0.3901675564095562
2357.2490727181284,0.4066429207205227
2359.46494834439,0.3795757303312953
2361.6802267054845,0.37645787898728694
2363.8949080428574,0.42291392829164676
2366.081995160246,0.3936655285296738
2368.2954904474354,0.4156686892980573
2370.5083894315285,0.39345661812630384
2372.720692353447,0.3625352367069251
2374.905431003972,0.4063071424105089
2377.1165497855472,0.39816255785540555
2379.3270732240235,0.37259971707392187
2381.51005479772,0.39577071616911474
2383.71939552408,0.3435779685025214
2385.9281416252634,0.3766326727863469
2388.1362933412966,0.37133410063129696
2390.3169330559795,0.407902735039311
2392.5239039625667,0.32941475485130217
2394.7302812003836,0.3636411232379746
2396.909168779781,0.378436821156255
2399.1143666310345,0.4176873560949566
2401.318971528741,0.4475588687206228
2403.496109083757,0.3449503002184855
2405.6995360154906,0.3893924724273678
2407.9023707077613,0.3594731640165736
2410.1046133993113,0.35233118720049317
2412.279418490518,0.40514449932272273
2414.480485108599,0.3913032589080191
2416.680960438507,0.3402813114863239
2418.854020420462,0.3477073723952825
2421.0533210921767,0.3467622044276606
2423.2520311871267,0.35988546429358154
2425.423348159453,0.384729664980288
2427.6208850092153,0.3497861135997918
2429.817831992479,0.33996476015989086
2431.987408051433,0.41555588944158345
2434.1831832002536,0.3631946761056886
2436.3783691916997,0.34566958472473475
2438.5462064301846,0.39999107946140566
2440.740221995662,0.3822988287331921
2442.9336491117665,0.37582796726775203
2445.099749619325,0.34707958418199286
2447.2920077156814,0.3635539840282152
2449.4836780695186,0.3721570182765133
2451.6480439323514,0.37958513143335837
2453.838546670413,0.36926334107115527
2456.02846237168,0.3922704757883781
2458.1910956726497,0.3857984860361325
2460.379845159865,0.35923191476739913
2462.5680083148836,0.3628121774032352
2464.728911133512,0.404910503224562
2466.9159094739625,0.3778424596309791
2469.102322185685,0.3675228364091768
2471.261496598172,0.3804805620279056
2473.4467458925646,0.3807129619942984
2475.604771534381,0.3976909815051824
2477.7888583398035,0.37447687914984307
2479.972360685497,0.42562461952106845
2482.128661371311,0.3610407828945047
2484.311002621558,0.39142179092217816
2486.492760112553,0.37608103081176975
2488.6473379097333,0.37128915156830494
2490.8279356965777,0.3715250452307599
2492.9813683890334,0.3811374686392117
2495.160807396138,0.3942703761172442
2497.3396638080176,0.3705580558983484
2499.4913770473086,0.39474284153295
2501.669076067048,0.46147116726719767
2503.8461931890597,0.4131408236245755
2505.9961890337636,0.35911378380662967
2508.172150149023,0.40289896715515183
2510.321004539366,0.3887334910314426
2512.4958105683527,0.400028621235907
2514.670035858693,0.3818477727225286
2516.8171762753245,0.39213631103317587
2518.990247861102,0.4097976003405058
2521.1362490962783,0.39764500635055283
2523.3081678955277,0.4146376915389985
2525.479507112139,0.39930728573408925
2527.6237977854,0.4101015551853489
2529.7939855935256,0.3936001729242145
2531.9371393522088,0.3888201327900349
2534.106176667452,0.38236902551519314
2536.2746355529944,0.44190604610097234
2538.4160821525074,0.3828644437333404
2540.5833919195593,0.3826123615944675
2542.7237038653584,0.4292525756642409
2544.8898654270906,0.38311233166538594
2547.0554497090034,0.3979358505532701
2549.1940578893664,0.3640201989505281
2551.358495336708,0.3900665343083033
2553.495971118233,0.36452652901296756
2555.6592626417623,0.4049778564094091
2557.7956069236207,0.39350788242460993
2559.957753433131,0.42340962193186665
2562.1193242669815,0.37844836423807
2564.253969517871,0.3932754206967579
2566.4143967033724,0.34999072694077094
2568.5479127011204,0.35242596850516894
2570.707197145657,0.40678431092659856
2572.839584786112,0.38476916797438715
2574.9977273961103,0.3883827005015278
2577.155295928673,0.4182916395219575
2579.2859892550987,0.40683055130311513
2581.4424173137413,0.3786255889749026
2583.5719845210842,0.37319569714556555
2585.727273009834,0.40361090831490837
2587.85571499063,0.41560093682400795
2590.0098648125622,0.42374318880451434
2592.1371824583985,0.36824046778461705
2594.2901945156354,0.41138819140913313
2596.416388717158,0.3855315536789605
2598.5682639108672,0.3817867308965022
2600.7195675259045,0.3887617142202271
2602.8440747881796,0.37848385634124776
2604.994242892417,0.3888105518260614
2607.1176289356154,0.3550874883465965
2609.2666624278336,0.39774008903999425
2611.388928139315,0.3343750686675032
2613.53682791736,0.37200541618784405
2615.657974183545,0.35620706754024994
2617.8047411443094,0.42231133212148053
2619.924768850684,0.39462404518975147
2622.070403890115,0.3419867385863625
2624.189313921235,0.386318368075405
2626.3338179343355,0.4072073474971955
2628.451611173823,0.427591493057063
2630.5949850546513,0.38718483957504407
2632.7116623852,0.400872042479612
2634.8539070268725,0.3458968977774233
2636.995583922413,0.4064846076650113
2639.110585624936,0.3962255634516868
2641.251134621967,0.4120983042577427
2643.36502262091,0.3839211859689925
2645.5044446101965,0.41771676271831737
2647.6172197849974,0.37329640579142714
2649.7555156563685,0.3903463455607427
2651.8671788855354,0.3985173390006613
2654.004349527884,0.3842508502730559
2656.1149016890085,0.3718241625633156
2658.2509479902837,0.3721309800268615
2660.360389960035,0.38466138383165943
2662.4953128072593,0.3620258609790542
2664.603645461377,0.36802701375961144
2666.7374457406404,0.35762012020453626
2668.8446699539472,0.39042070341097784
2670.9773485504065,0.40296122827279934
2673.0834651968034,0.389372207797883
2675.1890317819416,0.4024138901020923
2677.3200329471565,0.3586847903859117
2679.424493271843,0.3996983284123648
2681.554374960371,0.37606953592146336
2683.6577298962166,0.40485958864748073
2685.786492989966,0.356613783850402
2687.8887434076696,0.41387817988315234
2690.0163887876224,0.40750521664054246
2692.1175355569594,0.39945479482692237
2694.2440641031753,0.4031333649350032
2696.3441080930206,0.4202077156646969
2698.4695206846336,0.4406370675328015
2700.5684627629435,0.40914471039728667
2702.6927602781634,0.3793325908891989
2704.7906013119828,0.4411296848943449
2706.913784628103,0.3867006583576898
2709.010525483569,0.4133295381688741
2711.106719946507,0.387370846512206
2713.228237019299,0.3815153754801087
2715.3233325987367,0.3863758864897245
2717.4437376589467,0.40346806896229337
2719.537735218755,0.4183801953468063
2721.6570291404623,0.4036538650983291
2723.7499295436064,0.40667765411656054
2725.8681131999747,0.38090043265112106
2727.959917308519,0.4006750974106175
2730.076991571792,0.4306717936092967
2732.1677002468914,0.37793014514526085
2734.257864885518,0.4358946370225208
2736.373280090327,0.38985939746051024
2738.462350582922,0.4019370268134002
2740.576658568598,0.4089960510769015
2742.6646357740756,0.39595443654396717
2744.777837409676,0.4286409061649726
2746.8647221860465,0.4279957340982654
2748.951064417719,0.40658438905460803
2751.0626115440955,0.3744602003281619
2753.14786262937,0.3999463370914398
2755.258305571686,0.4120399808221225
2757.342466366332,0.39515640642246563
2759.4518059904713,0.40273101492660013
2761.534877349368,0.4298977730472821
2763.617407649899,0.3761728121092575
2765.725097297436,0.4234447681548331
2767.8065394402456,0.4087457341836657
2769.9131279277135,0.39237799887849534
2771.993482765445,0.39057791435294026
2774.0732976027866,0.3859321207859912
2776.178239339979,0.37459326610993815
2778.2569681469377,0.4067961722181343
2780.36081087654,0.39546030705427054
2782.4384545035427,0.3985245308838827
2784.541199086034,0.3871916624527732
2786.617758382621,0.35977736532784765
2788.6937791558667,0.4398871421910043
2790.7948814924002,0.44480439800014676
2792.869819205278,0.3614559998647047
2794.9698255393323,0.33890943530059175
2797.0436810391675,0.3711256865106185
2799.116999067035,0.39446694278937205
2801.2153663613244,0.37761923869941694
2803.2876034428937,0.38907235031266507
2805.3593036814873,0.39901961987216633
2807.4560338541523,0.41332784870339306
2809.526654411213,0.38023557126007784
2811.6222920001655,0.38901996445880077
2813.6918337194984,0.36597951917593263
2815.760839642857,0.4122775640633942
2817.85484330305,0.3885752393878057
2819.922771650159,0.3806125361607735
2822.015684856806,0.39777852917202655
2824.0825364692755,0.4005375838450521
2826.1488533300508,0.3758312943023988
2828.2401357925064,0.38898228831176374
2830.3053771768464,0.4262468456812573
2832.3700844342475,0.369221265494907
2834.459738057718,0.3935980012137834
2836.5233710949233,0.41143927882842024
2838.5864706289685,0.4195681629575648
2840.6744973156983,0.4457917182577785
2842.736523883834,0.40652655770556706
2844.8234647818463,0.4526833386581016
2846.884419220889,0.3777477782365151
2848.944841195096,0.3760027590279294
2851.0301583227847,0.37141741328212163
2853.089509418931,0.40082678119499765
2855.148328671443,0.4029382767412021
2857.2320239231594,0.44809920455639296
2859.289773546694,0.4267663769129731
2861.3469919468207,0.3853373422548604
2863.429067213976,0.47002820956093005
2865.4852172322717,0.38405227662986124
2867.54083664642,0.40459552883432287
2869.6212938174867,0.3821032419219986
2871.6758460950114,0.37032567531294425
2873.72986838669,0.4270491730333369
2875.808709347204,0.41862972997107917
2877.8616657455314,0.397812612250116
2879.9140927753597,0.3905628882224494
2881.9913194079218,0.40777243684704984
2884.0426817857388,0.4204558418235345
2886.0935154114395,0.38239405079841327
2888.169129595739,0.42355776259223377
2890.2188998088423,0.3895184205326186
2892.268141885257,0.3876368130864019
2894.34214549806,0.38927948486904734
2896.3903253993685,0.4545605275707136
2898.4379777784598,0.39858698986885555
2900.5103726936213,0.40190884351029
2902.5569641331767,0.40958084343795764
2904.603028664038,0.3810784409347144
2906.673816752509,0.40667957185887255
2908.718821577493,0.37248568418446015
2910.7633001063496,0.3918870304321363
2912.8324832361795,0.38232153306665306
2914.875903290902,0.42584293461949146
2916.9187976611174,0.4291703762169596
2918.9611665496504,0.40218521440302313
2921.02821482338,0.398319755927436
2923.0695268754607,0.39930667445442825
2925.1103140562154,0.4069942087321073
2927.1757617163003,0.3801881304550086
2929.2154932879057,0.4024492655255105
2931.254700597603,0.3538674470104963
2933.318549502468,0.384511438347155
2935.356702428415,0.3893587128836137
2937.39433170092,0.3938723882253501
2939.431437521771,0.3769498935613822
2941.4931598183794,0.37527563628783756
2943.5292128847286,0.43271728260722353
2945.5647431066354,0.41697121310271273
2947.624870970658,0.39135131349483787
2949.6593496590485,0.3560126913632554
2951.6933061092823,0.40240597065238987
2953.726740522412,0.39286202402018316
2955.784747525391,0.40057616269938034
2957.8171320283873,0.37478923477288867
2959.84899509931,0.3530231494227526
2961.905411976757,0.40328136489970595
2963.936226354135,0.37130156928116703
2965.9665199035353,0.38755749969014913
2967.996292825288,0.39142114274624246
2970.0505945682253,0.38289886229443376
2972.0793204139773,0.386765069652984
2974.1075262349386,0.3628307486484304
2976.135212231031,0.42129818305454
2978.1874021010735,0.36555147593640674
2980.2140426353744,0.37829919808052415
2982.240163946424,0.4161702626484945
2984.2657662337333,0.36259810718622687
2986.315847485792,0.3949512624742928
2988.3404059222084,0.40385186387381566
2990.364445935258,0.38980882478100837
2992.3879677240493,0.38430850689696805
2994.435943606355,0.38250051642337835
2996.4584231518456,0.3942531154093157
2998.480385072222,0.4304590794016108
3000.5018295661757,0.404865849038744
3002.547703320284,0.4042350225799517
3004.5681071752297,0.3629009562758715
3006.587994201669,0.3763342293670774
3008.6073645978886,0.3450513081315364
3010.6511394587105,0.40756537866545767
3012.6694708169216,0.39353525536466466
3014.687286141607,0.39072746292491983
3016.7045856306413,0.37954675346621586
3018.74626482645,0.4147660261742152
3020.7625268751945,0.4387584842472556
3022.778273683756,0.36058881813627724
3024.79350544961,0.4080307496207377
3026.833092202063,0.37843942025060157
3028.8472881220714,0.3957369862728144
3030.8609695936157,0.41186324699379706
3032.8741368137726,0.39064236615869496
3034.886789979506,0.40961789174025265
3036.923767303415,0.35943177051322367
3038.935386610543,0.3906354569697029
3040.946492455976,0.42184015920695633
3042.9570850362798,0.3862210754092323
3044.9919771389923,0.38276617255185297
3047.0015374478007,0.4196682233558762
3049.010585082995,0.3872342503300046
3051.0191202407386,0.35262399837448277
3053.027143117095,0.4007501647900528
3055.05943479264,0.37502525235202
3057.0664273756083,0.4107597523392969
3059.0729082671933,0.4464951840839202
3061.078877663058,0.4164116291137456
3063.084335758762,0.39453553985995093
3065.114031988658,0.38405604778576263
3067.1184617640283,0.3779249483989846
3069.122380827739,0.4141673441504071
3071.1257893749535,0.41138761255185496
3073.1286876007325,0.39135823226263744
3075.155793353786,0.4125370136225703
3077.1576652272543,0.3908345292513676
3079.159027366286,0.4041363381963493
3081.159879965544,0.3779135255853647
3083.1602232195946,0.3784884315527919
3085.184743451935,0.387445282543456
3087.1840623166754,0.38299736368023346
3089.182872421714,0.3802250282132165
3091.181173961215,0.3774534583109231
3093.17896712925,0.4105235092332637
3095.2009067843665,0.3859881076820369
3097.1976775210915,0.3887456392107991
3099.1939404703608,0.3955234277657083
3101.1896958258476,0.37098303764883866
3103.1849437811234,0.4184600392793503
3105.179684529672,0.3508784972538179
3107.198535266898,0.3715671612751914
3109.1922559261966,0.45371469587026947
3111.1854699609903,0.4062328319310025
3113.178177564363,0.3733224263095975
3115.1703789293006,0.3868047969335216
3117.1620742486884,0.39409099700298167
3119.1778431410385,0.4325364645750956
3121.1685207060837,0.43312463741986945
3123.1586928060333,0.3980400024622893
3125.1483596333783,0.4103529664604
3127.137521380517,0.39469720919795165
3129.126178239745,0.39813479024591614
3131.138872338641,0.3898565498812577
3133.126513771318,0.4194221665150019
3135.1136508947675,0.37981876268488834
3137.1002839008925,0.4000064520151157
3139.086412981511,0.4083034888338938
3141.0720383283297,0.36652426414987377
3143.0816646637104,0.35757903737873914
3145.0662769046758,0.3995410462520322
3147.0503859887613,0.4163813756056774
3149.033992107288,0.35835824893237767
3151.017095451485,0.39077508766336977
3152.9996962124787,0.3873514426213163
3154.9817945813065,0.4254633760679137
3156.987851761636,0.37414834729762336
3158.9689397223683,0.39082345383041
3160.9495258658008,0.3920906647001278
3162.92961038258,0.456833367991239
3164.9091934632506,0.3921138018703175
3166.888275298268,0.39773640797282406
3168.8668560779824,0.38828602331099504
3170.8449359926562,0.3972587703248881
3172.84692666302,0.36319661960432675
3174.8239992403633,0.40013911314613293
3176.8005715252057,0.34044546493640443
3178.7766437074206,0.38626484568879793
3180.752215976783,0.3907166809595762
3182.727288522976,0.4030402769728196
3184.701861535579,0.36511982154358463
3186.675935204088,0.3702420405755895
3188.6738717168955,0.3680026457886216
3190.6469411064045,0.37429746301668215
3192.6195117220395,0.4251422352320699
3194.5915837529083,0.39827604793664817
3196.5631573880164,0.4028962915857715
3198.5342328162787,0.39612789564688533
3200.50481022651,0.4046002732897438
3202.4748898074376,0.37170493774516683
3204.468784465118,0.38855878252175013
3206.4378628130125,0.3700667696781973
3208.406443899521,0.3807163639304464
3210.3745279129853,0.4025871161433586
3212.342115041649,0.3864396892264026
3214.3092054736608,0.39759153373849204
3216.275799397077,0.42833852201276434
3218.24189699986,0.3770198626794343
3220.207498469874,0.40341211172603203
3222.172603994888,0.4112138595021808
3224.1614651069303,0.4096439323759001
3226.1255731879046,0.37507272441310224
3228.089185888937,0.37835195556555257
3230.052303397415,0.3784488415166192
3232.014925900641,0.35174858898554967
3233.9770535858133,0.3868484627680469
3235.93868664004,0.4271399747092656
3237.8998252503334,0.394744589728575
3239.860469603611,0.3953426021281031
3241.820619886699,0.416707904721762
3243.780276286325,0.3881636315904047
3245.763623098639,0.3782167333034351
3247.722286199609,0.4000834250989906
3249.680455979049,0.4184326378398873
3251.6381326233095,0.38837953059097763
3253.5953163186514,0.4504403793221923
3255.552007251239,0.4041407876710358
3257.508205607148,0.42583789778326525
3259.4639115723494,0.4415052294174677
3261.4191253327353,0.4059229798683751
3263.3738470740936,0.383571194250654
3265.328076982123,0.38969059655643007
3267.281815242426,0.38810534076567066
3269.235062040514,0.3886967688278982
3271.187817561804,0.39933645440668586
3273.1641809535413,0.4434789577843362
3275.1159484176987,0.3804259119309511
3277.0672251630403,0.41735819466454616
3279.0180113746046,0.36100307806317
3280.9683072373446,0.4118349217792695
3282.918112936117,0.4129243061194962
3284.867428655685,0.38788598846570727
3286.8162545807227,0.40856916305938645
3288.764590895804,0.4101587860674805
3290.7124377854234,0.40906794522870266
3292.6597954339686,0.3907258016959646
3294.606664025745,0.4063814252828797
3296.553043744956,0.3902148877353358
3298.498934775722,0.3706978857089321
3300.4443373020604,0.3851785920222165
3302.3892515079096,0.4165739571738496
3304.333677577106,0.42318127106213177
3306.277615693394,0.37971093052024435
3308.2210660404307,0.40373435559834864
3310.1880129501824,0.39811982420003506
3312.1304822931434,0.4010387105650062
3314.0724644195234,0.40596635448439805
3316.0139595126075,0.3897904012849749
3317.9549677555933,0.39706069247678816
3319.8954893315786,0.37870536723728565
3321.8355244235736,0.4211444378733093
3323.775073214496,0.39206814354771385
3325.7141358871704,0.4167520150556565
3327.6527126243327,0.41329797723178857
3329.5908036086203,0.38874019793922115
3331.5284090225923,0.43619791644466543
3333.4655290487062,0.40611086108528144
3335.4021638693284,0.42961638619756615
3337.338313666736,0.4033788886956394
3339.273978623116,0.3848442218799117
3341.2091589205575,0.3899230293860013
3343.1438547410726,0.41174858177226276
3345.0780662665693,0.38098385445519983
3347.0117936788665,0.4413272525888323
3348.9450371596977,0.3665123506970306
3350.8777968906998,0.39268689124514067
3352.8100730534225,0.4468292742941372
3354.741865829319,0.3753596909111477
3356.673175399763,0.38260455340304783
3358.604001946027,0.41999444143507475
3360.5343456492938,0.39256778517753793
3362.4642066906617,0.4014828954732216
3364.393585251133,0.43786327381955403
3366.322481511619,0.42500274469062155
3368.250895652949,0.4076186282506791
3370.1788278558506,0.4131777341535608
3372.1062783009693,0.3952878904125075
3374.033247168856,0.4053656443128962
3375.9597346399714,0.4085749908971728
3377.885740894688,0.4342250270327663
3379.8112661132855,0.38450701049289954
3381.7363104759625,0.4057990359794334
3383.6608741628133,0.4001248804280874
3385.5849573538544,0.42191574297149165
3387.5085602290055,0.3927906403985327
3389.4316829680993,0.42965106675236203
3391.3543257508773,0.3787497309509297
3393.2764887569883,0.4233104776759492
3395.198172166005,0.40104450081776366
3397.1193761573923,0.4059084404307019
3399.040100910539,0.41043544072529137
3400.9603466047374,0.4337182759370305
3402.880113419191,0.4236704296029032
3404.799401533015,0.4286937954741193
3406.7182111252405,0.36220083606916653
3408.6365423747993,0.45414250624509317
3410.5543954605437,0.40171370556046887
3412.4717705612275,0.4316832557280466
3414.3886678555227,0.4010226285163724
3416.3050875220106,0.4316577374171438
3418.2210297391775,0.44102058090555796
3420.1364946854337,0.4443518767304712
3422.051482539089,0.4302629138383143
3423.9659934783704,0.42739286453235775
3425.880027681409,0.40274800939575744
3427.793585326257,0.3802780614342053
3429.7066665908696,0.4417135694950754
3431.6192716531204,0.44603577287365204
3433.53140069079,0.3945844920347583
3435.4430538815704,0.4230190557895438
3437.3542314030674,0.4218070717658045
3439.241347417028,0.42494142574573424
3441.151579999416,0.4109959317313214
3443.061337442614,0.4030771999887363
3444.970619923877,0.4179332734455996
3446.879427620368,0.4296046205814933
3448.787760709165,0.4434505976752764
3450.695619367254,0.43099946280018886
3452.6030037715336,0.41033910405623875
3454.509914098824,0.3911833752782049
3456.416350525844,0.3815713233883773
3458.3223132292314,0.4322495696082306
3460.2278023855342,0.4276564160545671
3462.1328181712142,0.4029627802055874
3464.037360762646,0.39166477262732236
3465.941430336112,0.4172096627827917
3467.8450270678168,0.42215154977743274
3469.7481511338665,0.41251971180959685
3471.6508027102864,0.4062345555549007
3473.552981973011,0.43009296385762935
3475.454689097891,0.430501091256177
3477.332455098307,0.4158279622721476
3479.2332242981447,0.39830964362647514
3481.1335218849927,0.4025607486781768
3483.0333480343506,0.4012818990321864
3484.9327029216347,0.4251220328209212
3486.8315867221663,0.4044091584971246
3488.7299996111924,0.41919901577304464
3490.6279417638634,0.4487239726298957
3492.5254133552444,0.4663545730423661
3494.422414560315,0.4030887479064688
3496.3189455539687,0.3939159009348043
3498.215006511011,0.4117041338321217
3500.110597606159,0.39967746719490105
3502.0057190140487,0.3772636326838105
3503.8769830068304,0.3965446697928087
3505.7711713569915,0.40644783543231316
3507.6648905411184,0.407806037643388
3509.5581407334994,0.41217541565852167
3511.450922108339,0.45372200095331044
3513.343234839751,0.44234115753880243
3515.235079101765,0.4304543112824173
3517.1264550683245,0.40851503496717684
3519.017362913286,0.4344716168825117
3520.9078028104195,0.42357880263370323
3522.7977749334077,0.43512472583704803
3524.687279455855,0.4387953541949237
3526.552997954681,0.456359253790585
3528.4415735639996,0.40877334821609657
3530.329682090918,0.44358415071914237
3532.217323708688,0.3993402532879406
3534.104498590488,0.40851884793859083
3535.9912069094007,0.40546747766013214
3537.8774488384242,0.4062642590732174
3539.7632245504756,0.4479223942045151
3541.6485342183805,0.4276087140222722
3543.533378014883,0.41884720948329235
3545.3944950240057,0.42364420668938774
3547.278413341781,0.4210714665532463
3549.1618663037425,0.4677339681412919
3551.0448540822963,0.4400309372751797
3552.9273768497605,0.4235449737936755
3554.8094347783663,0.3976759239248973
3556.6910280402626,0.4419770827492138
3558.572156807515,0.3931547537416642
3560.4528212521,0.43125064213228853
3562.3098120256673,0.39296810262189524
3564.189554067596,0.4317253623258679
3566.068832300167,0.42760321980005794
3567.9476468950143,0.4228067772133825
3569.825998023698,0.43810360913621077
3571.7038858576834,0.4589228657836879
3573.581310568359,0.3748947461577087
3575.4582723270287,0.4588452537642921
3577.3347713049025,0.4165107966347574
3579.187649549973,0.3939320459786584
3581.063229187659,0.40250262352821753
3582.9383465555857,0.4165954429629927
3584.8130018246393,0.43403322461473637
3586.6871951656103,0.4583330319957507
3588.560926749218,0.4494669507567204
3590.434196746086,0.4223407307713256
3592.283887045569,0.3935328794493469
3594.156240073864,0.4030754070934464
3596.028132024694,0.3998845655708496
3597.8995630683603,0.4040580056789394
3599.770533375071,0.4075566232651131
3601.641043114947,0.4199267859089815
3603.511092458035,0.4480351701805637
3605.380681574292,0.40797392195251564
3607.226737770303,0.42367715270959405
3609.095412619021,0.43050047533128766
3610.963627748186,0.4356439023063972
3612.831383327424,0.41013324352749325
3614.6986795262765,0.4279949293666523
3616.5655165141998,0.40414874050165794
3618.4318944605693,0.3891738114343429
3620.274780293619,0.3998170614111504
3622.140246326646,0.42502703265634845
3624.005253823656,0.419582726277038
3625.8698029536954,0.42970877872586133
3627.733893885721,0.410855295759061
3629.5975267886133,0.37792802582055807
3631.4607018311635,0.41600712380636734
3633.300425461277,0.41539205748755365
3635.1626909366005,0.3876403331754917
3637.0244990553856,0.4339095316477663
3638.885849986098,0.38487664881432343
3640.7467438971216,0.3994808207999167
3642.6071809567493,0.438531534706694
3644.4442013960524,0.38613188694364775
3646.3037308924177,0.384975932601028
3648.1628040397154,0.3978826191375571
3650.021421005915,0.4374129646891251
3651.8795819588995,0.3849906118962438
3653.7372870664767,0.43070610360822453
3655.57161026848,0.3971975538440641
3657.4284098108783,0.3832782226585036
3659.2847540087205,0.4184247957859566
3661.140643029481,0.4317929104246384
3662.996077040554,0.4317565671523471
3664.8510562092506,0.4199905391282876
3666.6826881099933,0.4065442689414812
3668.536763705737,0.4019678108222722
3670.3903849584894,0.37410539975514673
3672.243552035232,0.38576225823069243
3674.0962651028713,0.4041121382143745
3675.948524328225,0.4358542329871039
3677.777470846344,0.40997779253121824
3679.6288284851325,0.4340032716277521
3681.479732779555,0.43892961066940783
3683.3301838961124,0.37786218385565107
3685.180182001215,0.3834456583729759
3687.0068961292545,0.3816550252677806
3688.8559942979846,0.39660457318135295
3690.704639951966,0.4215964481439617
3692.5528332572867,0.4241393628400169
3694.400574379959,0.37442172083043207
3696.247863485909,0.3781237988197267
3698.071903035141,0.3992391893530829
3699.918294180452,0.4347493391598263
3701.7642338042933,0.41448169881026514
3703.609722072266,0.40308377721735295
3705.454759149896,0.37777816627735883
3707.276575284368,0.3960130969682868
3709.120716042715,0.4204356433151434
3710.96440610476,0.38841030136404225
3712.8076456357066,0.40544986656051485
3714.6504348006747,0.3941782275580173
3716.4700315832615,0.3788828676338715
3718.3119260663043,0.40544790650964796
3720.1533706762075,0.3643436742793145
3721.9943655777734,0.39424414146748205
3723.834910935717,0.3923161324710821
3725.6522924193996,0.38368497261138773
3727.4919447287884,0.4125590987773214
3729.331147986197,0.36538974107824496
3731.169902356025,0.4036282427232348
3733.0082080025895,0.3976445183841986
3734.823378230487,0.375076553291182
3736.660792457895,0.3819741738329754
3738.497758452484,0.4101344076742147
3740.334276378253,0.3863681596834372
3742.1476815980477,0.4279159484281812
3743.983309404519,0.3818598139742459
3745.818489631665,0.37364673538109566
3747.653222443163,0.40243927267793206
3749.487508002614,0.39136375537882556
3751.298709217488,0.40557467911997175
3753.132106279918,0.35378603746687437
3754.965056578607,0.3981235467190282
3756.797560276833,0.36541214294886426
3758.607002268027,0.3504507865044156
3760.4386187634173,0.360096385394523
3762.269789145701,0.3608575990823474
3764.1005135778432,0.36814261337314325
3765.930792222729,0.3827887945187162
3767.7380374282,0.4002795474914025
3769.567430485449,0.38024124857973296
3771.396378241612,0.3814649018722283
3773.224880859263,0.37263158208407604
3775.030372600231,0.38171634694984763
3776.857990918783,0.3661675247800177
3778.6851645840507,0.3611617415054882
3780.5118937582865,0.35899484801731646
3782.33817860367,0.35413994403561455
3784.141480746617,0.38880845624344806
3785.966882901055,0.3854442298024547
3787.7918412106937,0.3469006271712961
3789.616355837392,0.36378466034048146
3791.4179102498983,0.39507027290469243
3793.2415434685736,0.34695485130857606
3795.0647334874266,0.3698426553546787
3796.8874804680036,0.39221939485912727
3798.6872896896475,0.35982846364555654
3800.509156542639,0.34969669831780154
3802.330580839536,0.3820962897233175
3804.151562741574,0.3546965016179
3805.949629307017,0.38139176615674963
3807.7697323594257,0.3780916397358022
3809.589393498223,0.3762899489060127
3811.40861288433,0.3505295910571233
3813.204939323323,0.35876688931212114
3815.0232811352907,0.362130307179353
3816.841181674881,0.3669920060650645
3818.658641102713,0.37184462094085285
