Wavenumber (cm^-1),Intensity (a.u.)
159.2615131,1462.9
162.1789225,1465.07
165.0607039,1466.3
167.9762982,1467.67
170.8909801,1469
173.7700678,1478.7
176.6829372,1475
179.5948955,1480.23
182.5059432,1477.47
185.3814415,1480.03
188.2906801,1481.57
191.1990092,1480.5
194.0718227,1489.8
196.9783452,1488.77
199.8839596,1491.77
202.7540919,1495.43
205.6579023,1492.03
208.5608058,1495.33
211.4282606,1494.5
214.3293626,1497.93
217.229559,1497.7
220.0943402,1495.9
222.9927375,1497.33
225.8902306,1496.77
228.7523419,1494.9
231.6480384,1498.13
234.5428318,1492.73
237.402277,1490.83
240.2952764,1495.7
243.1873741,1495.43
246.0441567,1494.47
248.9344629,1490.97
251.8238685,1490.4
254.6779924,1492.67
257.565609,1492.33
260.417966,1492.47
263.3037953,1494.8
266.1887261,1491.87
269.0384305,1491.83
271.9215765,1493.3
274.8038253,1488.17
277.6508808,1485.53
280.5313473,1490.9
283.3766424,1488
286.2553281,1489.73
289.1331187,1483.97
291.9757712,1486.17
294.8517835,1484.23
297.6926797,1485.77
300.5669154,1484.4
303.4402582,1483.07
306.2785178,1486.53
309.1500864,1483.97
311.9865937,1481.93
314.8563898,1484.1
317.6911466,1483.17
320.5591719,1484.67
323.426307,1481.9
326.2584358,1485.57
329.1238025,1481.03
331.9541847,1480.33
334.8177847,1481.63
337.646422,1479.7
340.5082569,1479.9
343.3351509,1479
346.1952223,1479.83
349.0203745,1476.3
351.8786841,1475.27
354.736108,1480.17
357.5586456,1475.4
360.4143101,1479.07
363.23511,1476.9
366.0890167,1477.93
368.9080806,1478.9
371.7602312,1479.4
374.5775605,1479.07
377.4279565,1482.1
380.2435531,1481.2
383.0921962,1480.37
385.9060614,1475.27
388.7529532,1478.17
391.5650888,1475.53
394.4102309,1479.97
397.2206384,1479.7
400.0640324,1478.9
402.8727134,1483.63
405.7143609,1476.77
408.5213171,1481.13
411.3612197,1481.1
414.1664526,1480.37
417.004612,1480.33
419.8081231,1479.5
422.6107791,1479.17
425.4463319,1482.3
428.2472686,1478.3
431.081082,1481.03
433.880301,1479.77
436.7123768,1482.57
439.5098795,1482.43
442.3402193,1480.97
445.1360074,1479.83
447.930944,1485.93
450.7586878,1484.07
453.5519121,1483.4
456.3779239,1482.4
459.1694375,1477.3
461.9937188,1485.37
464.7835234,1486.1
467.572479,1483.13
470.3941727,1486.47
473.1814217,1484.97
476.0013889,1484.63
478.7869326,1485.2
481.6051749,1482.2
484.389015,1485.97
487.172009,1483.1
489.987672,1487.37
492.7689647,1489.57
495.5829066,1487.67
498.3624996,1486.6
501.1412484,1485.93
503.952617,1487.53
506.7296684,1487.4
509.5058768,1483.97
512.3146755,1484.13
515.0891888,1481.27
517.8962728,1486.17
520.6690926,1483.2
523.4410713,1486.1
526.2455913,1483.67
529.0158788,1482.47
531.7853264,1481.6
534.5872859,1482.1
537.3550446,1481.23
540.1219644,1481.7
542.921367,1481.17
545.6866003,1478.3
548.4509959,1477.03
551.247845,1476.83
554.0105563,1473.2
556.8057017,1474.73
559.5667303,1478.8
562.3269232,1472.83
565.0862807,1469.17
567.8780334,1476.4
570.6357112,1473.23
573.3925548,1473.13
576.1817645,1470.13
578.9369307,1466.2
581.6912639,1466.37
584.477934,1464.73
587.230592,1465.03
589.9824182,1461.6
592.7665522,1462.1
595.5167055,1459.27
598.2660281,1463
601.0145202,1462.97
603.7952815,1463.2
606.5421038,1460.57
609.2880969,1459.8
612.0663302,1462.03
614.8106557,1456.17
617.5541531,1456.17
620.2968227,1457.27
623.0716941,1456.17
625.8126992,1455.73
628.5528776,1459.7
631.2922298,1453.2
634.0637453,1456
636.801436,1452.1
639.5383015,1457.03
642.3073016,1459.13
645.042508,1452.13
647.7768903,1454.57
650.5104489,1457.93
653.2431843,1451.13
656.0080063,1456.63
658.7390862,1455.73
661.4693439,1453.97
664.1987798,1455.5
666.9602641,1456.33
669.6880476,1456.73
672.4150104,1454.3
675.1411529,1453.17
677.8993056,1454.6
680.6237986,1459.5
683.3474724,1453.07
686.0703274,1449.9
688.7923639,1456.37
691.546363,1452.4
694.2667538,1457.77
696.9863272,1452.83
699.7050836,1453.97
702.4230234,1449.9
705.1728784,1453.53
707.8891761,1452.8
710.6046584,1452.3
713.3193255,1453.27
716.0331778,1454.67
718.7462157,1451.13
721.491112,1455.5
724.2025123,1454.37
726.9130993,1455.03
729.6228734,1456.97
732.3318349,1455.1
735.0399841,1454.77
737.7799351,1455.5
740.4864512,1458.9
743.1921562,1458.67
745.8970505,1456.17
748.6011343,1453.63
751.3044081,1450.2
754.0394272,1459.13
756.7410723,1456.37
759.4419084,1457.13
762.141936,1454.1
764.8411554,1455.67
767.5395669,1458.6
770.237171,1454.67
772.9339679,1453.57
775.662435,1457.33
778.357609,1457.6
781.051977,1456.57
783.7455394,1455.67
786.4382965,1455.6
789.1302486,1454.83
791.8213961,1456.63
794.5117394,1449.13
797.2012788,1453.93
799.9224042,1453.17
802.6103273,1451.8
805.2974476,1450.63
807.9837655,1452
810.6692814,1452.13
813.3539955,1451.23
816.0379083,1457
818.7210201,1452.17
821.4033313,1449.8
824.0848422,1453.43
826.7655532,1452.83
829.4777478,1445.8
832.1568505,1451.77
834.8351543,1451.23
837.5126596,1450.53
840.1893668,1455.67
842.8652762,1439.67
845.5403882,1447.67
848.2147032,1450.73
850.8882215,1447.93
853.5609435,1451.43
856.2328694,1446.6
858.9039998,1449.6
861.5743349,1449.13
864.243875,1445.37
866.9126206,1446
869.580572,1449.27
872.2477296,1442.9
874.9140936,1444
877.5796645,1445.2
880.2444426,1444.63
882.9084283,1444.3
885.5716219,1441.53
888.2340238,1438.53
890.8956343,1441
893.5564538,1442.63
896.2164826,1441.43
898.875721,1443.17
901.5661943,1439.87
904.2238436,1440.23
906.8807038,1438.13
909.5047789,1439.6
912.160071,1439.1
914.814575,1436.87
917.4682911,1437.7
920.1212197,1436.07
922.7733612,1435.13
925.4247158,1435.97
928.075284,1434.07
930.7250661,1438.07
933.3740624,1435.47
936.0222733,1435.57
938.6696992,1430.63
941.3163403,1436.4
943.9621971,1432.2
946.6072699,1433.53
949.251559,1437.27
951.8950648,1430.43
954.5377877,1430.03
957.1797279,1429.27
959.8208858,1432.2
962.4612619,1424.03
965.1008563,1431.87
967.7396695,1427.53
970.3777019,1428.13
973.0149537,1425.93
975.6514253,1425.57
978.2871171,1430.63
980.890288,1426.2
983.5244305,1425.23
986.1577942,1427.53
988.7903795,1423.93
991.4221866,1424.3
994.0532159,1423.27
996.6834678,1421.37
999.3129427,1421.77
1001.941641,1422.97
1004.569562,1423.37
1007.196708,1425.6
1009.823078,1421.37
1012.417043,1418.5
1015.041872,1419.73
1017.665927,1422.97
1020.289206,1423.57
1022.911712,1419.53
1025.533444,1419.9
1028.154403,1421.53
1030.774589,1419
1033.394002,1421.5
1035.981098,1419.83
1038.598977,1421.57
1041.216083,1420.3
1043.832419,1421.63
1046.447983,1420.4
1049.062777,1422.27
1051.676801,1418.5
1054.290055,1417.73
1056.871068,1417.8
1059.482792,1416.9
1062.093747,1417.4
1064.703934,1418.7
1067.313353,1416.97
1069.922004,1418.13
1072.498471,1420.27
1075.105596,1414.47
1077.711955,1417.4
1080.317547,1414.13
1082.922372,1417.87
1085.526432,1417.7
1088.129727,1417.37
1090.700905,1415.2
1093.302678,1413.27
1095.903687,1414.63
1098.503932,1413.23
1101.103413,1410.63
1103.670825,1416.23
1106.268789,1410.87
1108.86599,1417.07
1111.462428,1417.47
1114.058104,1413.9
1116.621759,1413.6
1119.215921,1415.73
1121.809322,1411.6
1124.401962,1413.73
1126.993842,1414.63
1129.553747,1411.4
1132.144116,1419.13
1134.733726,1413.23
1137.322576,1412
1139.910667,1414.13
1142.466832,1417.23
1145.053416,1414.07
1147.639242,1411.53
1150.22431,1411.37
1152.77749,1411.73
1155.361054,1411.77
1157.943861,1413.1
1160.525912,1415.7
1163.107207,1412.9
1165.656661,1412.87
1168.236454,1414.9
1170.815493,1413.27
1173.393778,1410.23
1175.940258,1411.5
1178.517043,1413.9
1181.093075,1414.63
1183.668354,1411.3
1186.211866,1414
1188.785648,1412.77
1191.358678,1409.7
1193.930957,1412.33
1196.471506,1409.5
1199.04229,1412.5
1201.612324,1411.53
1204.150657,1411.6
1206.719199,1414.4
1209.286991,1412.03
1211.854033,1411.67
1214.389412,1413.43
1216.954965,1414.17
1219.51977,1411.87
1222.052939,1412.3
1224.616257,1411.93
1227.178827,1414.97
1229.740649,1412.6
1232.270873,1412.67
1234.831211,1415.97
1237.390803,1413.97
1239.918824,1413.6
1242.476933,1413.07
1245.034297,1414.9
1247.560118,1412.93
1250.116001,1413.33
1252.671139,1410.23
1255.194763,1414.23
1257.748423,1413.4
1260.301339,1413.5
1262.822768,1413.67
1265.374208,1411.73
1267.924905,1417.3
1270.444142,1414.43
1272.993364,1417.83
1275.541845,1410.67
1278.058894,1409.3
1280.605902,1411.57
1283.152169,1415.03
1285.667031,1414.9
1288.211828,1417.33
1290.755884,1413.5
1293.268564,1417.6
1295.811151,1418.87
1298.353,1414.3
1300.8635,1415.83
1303.403881,1413.87
1305.912932,1419.9
1308.451847,1417.7
1310.990026,1416.23
1313.496901,1415.27
1316.033616,1420
1318.569594,1416.2
1321.074296,1420.97
1323.608813,1420.6
1326.112071,1424.37
1328.645127,1421.67
1331.177448,1421.7
1333.678538,1420
1336.2094,1423.97
1338.709049,1423.57
1341.238454,1424.63
1343.767125,1423.43
1346.264611,1427.93
1348.791827,1426
1351.287875,1428.23
1353.813636,1428.13
1356.338666,1430.57
1358.832556,1425.93
1361.356133,1430.07
1363.848588,1429.83
1366.370713,1431.67
1368.892109,1431.87
1371.382411,1434.77
1373.902357,1434.67
1376.391227,1431.63
1378.909724,1434.07
1381.397164,1434.23
1383.914215,1433.47
1386.400225,1439.17
1388.91583,1436.43
1391.430708,1433.73
1393.914573,1436.5
1396.428007,1436.6
1398.910446,1436.23
1401.422437,1434.23
1403.903451,1433.3
1406.414001,1436.63
1408.893592,1437.97
1411.402701,1439.3
1413.880869,1440.13
1416.38854,1439.87
1418.895487,1441.23
1421.37152,1435.63
1423.87703,1440.07
1426.351644,1439.67
1428.855718,1439.2
1431.328913,1439.83
1433.831552,1439.33
1436.303331,1440.87
1438.804537,1435.67
1441.2749,1438.8
1443.774674,1439.03
1446.243623,1438
1448.741966,1435.03
1451.209501,1435.77
1453.706414,1438.53
1456.172538,1431.13
1458.668022,1433.03
1461.132735,1435.5
1463.626792,1432.67
1466.090096,1430.53
1468.582727,1430.53
1471.044622,1430.53
1473.535828,1425.77
1475.996316,1427.7
1478.486098,1426.77
1480.945181,1423.9
1483.433541,1426.1
1485.891218,1429.03
1488.378157,1421.3
1490.834431,1423.67
1493.290008,1422.57
1495.774822,1417.83
1498.228997,1420.83
1500.712392,1419
1503.165167,1420.77
1505.647145,1418.27
1508.098521,1420
1510.579084,1415.2
1513.029061,1417.3
1515.508209,1415.33
1517.95679,1414.83
1520.404676,1413.8
1522.881709,1417.03
1525.328201,1411
1527.803822,1412.4
1530.24892,1415.37
1532.723131,1410.57
1535.166836,1412.17
1537.609849,1411.23
1540.081951,1411.27
1542.523574,1411.97
1544.994269,1413.5
1547.434501,1411.03
1549.874044,1411.2
1552.342634,1408.83
1554.780788,1411.77
1557.247974,1408.37
1559.684742,1409.17
1562.150525,1407.23
1564.585907,1412.67
1567.020601,1409.23
1569.484285,1409.83
1571.917595,1409.5
1574.37988,1409.83
1576.811807,1407.4
1579.243048,1409.7
1581.703239,1405.3
1584.133098,1408.77
1586.562272,1406.87
1589.020372,1408.77
1591.448167,1404.7
1593.904871,1406.63
1596.331288,1403.33
1598.75702,1407.5
1601.211638,1402.53
1603.635994,1408.6
1606.059667,1405.1
1608.512201,1406.17
1610.934499,1403.17
1613.356114,1403.63
1615.806567,1403.7
1618.22681,1403.17
1620.675874,1400.63
1623.094745,1402.43
1625.512935,1410.07
1635.237795,1405.07
1637.652567,1399.87
1640.066659,1399.4
1642.5095,1400.2
1644.922226,1398.9
1647.334274,1399.27
1649.775046,1396.03
1652.185729,1395.37
1654.595734,1398.83
1657.03444,1396.33
1659.443082,1396.5
1661.851048,1396.57
1664.28769,1393.37
1666.694294,1397.5
1669.100222,1395.5
1671.505475,1397.87
1673.939372,1393.77
1676.343266,1396.8
1678.746485,1395.37
1681.178325,1395.53
1683.580187,1394.37
1685.981374,1397.1
1688.411159,1394.3
1690.810991,1396
1693.210151,1392.83
1695.608637,1395.6
1698.035689,1395.4
1700.432822,1393.53
1702.829283,1396.03
1705.254286,1393.43
1707.649396,1394.03
1710.043834,1392.73
1712.437602,1395.43
1714.859879,1393.57
1717.252298,1390.9
1719.644047,1397.2
1722.035126,1394.73
1724.454683,1395.13
1726.844415,1395.57
1729.233478,1393.47
1731.621873,1391.57
1734.038713,1394.87
1736.425763,1396.47
1738.812146,1394.83
1741.19786,1394.93
1743.61199,1392.57
1745.996362,1391.67
1748.380068,1395.43
1750.763107,1393.1
1753.17453,1391.27
1755.556229,1392.43
1757.937263,1392.97
1760.317631,1390.2
1762.726351,1393.9
1765.105382,1390.9
1767.483748,1391.93
1769.861451,1393.9
1772.238489,1389.97
1774.64384,1391.1
1777.019543,1390
1779.394583,1393.83
1781.768961,1393.3
1784.171619,1391.5
1786.544664,1392.97
1788.917047,1393.17
1791.288768,1392.3
1793.659828,1393
1796.05913,1391.03
1798.42886,1391.43
1800.797929,1391.3
1803.166338,1394.6
1805.534087,1392.6
1807.93004,1394.5
1810.296462,1392.8
1812.662224,1390.2
1815.027328,1391.1
1817.391773,1389.97
1819.75556,1388.77
1822.147504,1391.7
1824.509967,1389.33
1826.871773,1389.93
1829.232921,1389.97
1831.593413,1393.73
1833.953247,1386.7
1836.341192,1389.37
1838.699706,1390.93
1841.057565,1390.4
1843.414768,1390.23
1845.771315,1388.07
1848.127208,1386.97
1850.511164,1389.13
1852.865739,1385.33
1855.21966,1388.57
1857.572927,1388.1
1859.925541,1389.03
1862.277501,1389.47
1864.628808,1392.13
1867.008125,1391.9
1869.358118,1389.07
1871.707459,1389
1874.056149,1386.4
1876.404186,1391.33
1878.751572,1387.97
1881.098307,1390.8
1883.444391,1389.43
1885.818423,1388.83
1888.163198,1388.17
1890.507323,1390.53
1892.850797,1390.2
1895.193623,1387.9
1897.535799,1388.47
1899.877326,1391.03
1902.218204,1390.23
1904.586969,1388.83
1906.926542,1388.47
1909.265468,1389.27
1911.603746,1390.2
1913.941376,1390.67
1916.278359,1388.2
1918.614696,1389.9
1920.950386,1389.1
1923.285429,1387.5
1925.619826,1389.7
1927.953578,1389.1
1930.315132,1388.7
1932.647585,1387.43
1934.979393,1388.1
1937.310556,1390.97
1939.641075,1388.27
1941.970949,1387.6
1944.300179,1387.57
1946.628766,1390.03
1948.956709,1387.23
1951.28401,1388.97
1953.610667,1390.03
1955.936682,1389.53
1958.262054,1388.4
1960.586784,1387.63
1962.939212,1386.1
1965.262651,1387.9
1967.585449,1387.97
1969.907605,1388.57
1972.229121,1384.83
1974.549997,1383.9
1976.870233,1387.37
1979.189828,1388.1
1981.508784,1387.4
1983.8271,1385.57
1986.144777,1388.83
1988.461816,1386.03
1990.778215,1389.1
1993.093977,1388.87
1995.4091,1388.23
1997.723585,1388.73
2000.037433,1385.7
2002.350644,1389.5
2004.663217,1386.17
2006.975154,1385.8
2009.286454,1386.03
2011.597118,1387.27
2013.907146,1387.77
2016.216538,1387.4
2018.525295,1388.6
2020.833416,1389.27
2023.140903,1386.9
2025.447755,1386.33
2027.753972,1387.27
2030.059556,1386.67
2032.364505,1388.63
2034.668821,1388.6
2036.972503,1387.43
2039.275553,1388.47
2041.577969,1386.1
2043.879753,1387.17
2046.180904,1386.23
2048.481424,1384.6
2050.781311,1385.97
2053.080568,1386.47
2055.379192,1386.37
2057.677186,1387.57
2059.974549,1386.4
2062.271282,1386.4
2064.567384,1385.23
2066.862856,1385.47
2069.157699,1383.03
2071.451912,1387.43
2073.745496,1387.2
2076.03845,1384.37
2078.330777,1386.3
2080.622474,1386.3
2082.913544,1385.33
2085.203986,1386.63
2087.4938,1386.03
2089.782986,1386.73
2092.071546,1386.6
2094.359478,1386.77
2096.618894,1383.1
2098.905581,1387.03
2101.191642,1385.27
2103.477077,1385.8
2105.761887,1384.9
2108.046071,1384.1
2110.32963,1385.57
2112.612565,1384.23
2114.894874,1383.2
2117.17656,1385.97
2119.457621,1386.03
2121.738059,1384.6
2124.017872,1384.87
2126.297063,1384.23
2128.575631,1387.87
2130.8258,1384.3
2133.103129,1385.73
2135.379837,1386.03
2137.655923,1385.43
2139.931386,1384.87
2142.206229,1387.47
2144.48045,1386.9
2146.75405,1385.53
2149.027029,1385.53
2151.299388,1389.23
2153.543426,1384.87
2155.814552,1385.07
2158.085058,1386.3
2160.354945,1384.5
2162.624213,1388.33
2164.892862,1385.57
2167.160892,1386.13
2169.428303,1388.03
2171.695096,1386.2
2173.933639,1385.87
2176.199204,1386.77
2178.464152,1387.5
2180.728482,1385.93
2182.992195,1382.53
2185.255292,1385.5
2187.517772,1385.1
2189.779637,1386.6
2192.013312,1385.47
2194.273952,1384.17
2196.533977,1384.17
2198.793386,1383.43
2201.05218,1383.1
2203.31036,1384
2205.567925,1383.93
2207.797356,1386.77
2210.0537,1385.3
2212.309431,1383.73
2214.564548,1385.93
2216.819053,1382.67
2219.072944,1385.6
2221.326222,1383.27
2223.551421,1382.93
2225.803482,1385.03
2228.054931,1384.3
2230.305769,1384.17
2232.555995,1384.63
2234.80561,1384
2237.027191,1385.93
2239.275592,1384.67
2241.523382,1381.27
2243.770562,1381.8
2246.017132,1382.8
2248.263093,1383.83
2250.481065,1384.37
2252.725814,1384
2254.969954,1383.13
2257.213486,1382.57
2259.456409,1383.2
2261.671382,1383.6
2263.913096,1383.43
2266.154202,1384.3
2268.394701,1385.33
2270.634593,1385.33
2272.846573,1384.3
2275.085258,1384
2277.323337,1383.37
2279.56081,1384.9
2281.797676,1383.17
2284.006669,1383.47
2286.242332,1383.8
2288.477389,1383.17
2290.711841,1382.9
2292.945689,1386.07
2295.151701,1382.2
2297.384347,1381.77
2299.616389,1382.07
2301.847827,1384.03
2304.05146,1381.3
2306.281699,1384.43
2308.511334,1384.77
2310.740367,1381.7
2312.968797,1383.6
2315.16946,1381.33
2317.396693,1379.67
2319.623324,1385.17
2321.849353,1382.4
2324.047646,1383.2
2326.27248,1383.9
2328.496714,1384.37
2330.720346,1383.27
2332.916272,1382.1
2335.138712,1382.43
2337.360551,1384
2339.581791,1381.67
2341.775355,1382.87
2343.995403,1384.13
2346.214853,1382.67
2348.433704,1385.43
2350.624908,1383.73
2352.84257,1384.57
2355.059633,1383.03
2357.249073,1384.9
2359.464948,1381.23
2361.680227,1383.5
2363.894908,1383.77
2366.081995,1383.33
2368.29549,1381.57
2370.508389,1382.87
2372.720692,1383.27
2374.905431,1383
2377.11655,1385.9
2379.327073,1381.17
2381.510055,1383.1
2383.719396,1385.17
2385.928142,1382.3
2388.136293,1382
2390.316933,1382.87
2392.523904,1384.13
2394.730281,1383.83
2396.909169,1381.77
2399.114367,1382.43
2401.318972,1382.83
2403.496109,1383.6
2405.699536,1385.37
2407.902371,1382
2410.104613,1381.2
2412.279418,1382.27
2414.480485,1378.13
2416.68096,1381.6
2418.85402,1381.03
2421.053321,1377.87
2423.252031,1383.43
2425.423348,1379.67
2427.620885,1381.53
2429.817832,1383.47
2431.987408,1383.13
2434.183183,1378.87
2436.378369,1381.47
2438.546206,1383.47
2440.740222,1380.7
2442.933649,1381.57
2445.09975,1382.63
2447.292008,1379.37
2449.483678,1381.3
2451.648044,1383.07
2453.838547,1381.5
2456.028462,1381.73
2458.191096,1383.07
2460.379845,1379.73
2462.568008,1380.03
2464.728911,1380.67
2466.915909,1383.27
2469.102322,1381.97
2471.261497,1382.07
2473.446746,1382
2475.604772,1383.17
2477.788858,1378.37
2479.972361,1383.33
2482.128661,1380.6
2484.311003,1381.07
2486.49276,1381.63
2488.647338,1384.33
2490.827936,1380.47
2492.981368,1379.97
2495.160807,1381.93
2497.339664,1382
2499.491377,1381.77
2501.669076,1382.37
2503.846193,1381.63
2505.996189,1380.6
2508.17215,1380.93
2510.321005,1383.07
2512.495811,1383.03
2514.670036,1384.57
2516.817176,1384.77
2518.990248,1380.47
2521.136249,1384.77
2523.308168,1382
2525.479507,1379.5
2527.623798,1381.57
2529.793986,1381.1
2531.937139,1384.07
2534.106177,1383.2
2536.274636,1381.57
2538.416082,1383.97
2540.583392,1379.77
2542.723704,1383
2544.889865,1384.23
2547.05545,1381.83
2549.194058,1380.23
2551.358495,1383.17
2553.495971,1381.27
2555.659263,1380.13
2557.795607,1380.5
2559.957753,1381.5
2562.119324,1382.6
2564.25397,1380.7
2566.414397,1383.07
2568.547913,1381.67
2570.707197,1380.87
2572.839585,1381.6
2574.997727,1379.8
2577.155296,1381.37
2579.285989,1382.37
2581.442417,1382.9
2583.571985,1382.57
2585.727273,1382.07
2587.855715,1382.07
2590.009865,1382
2592.137182,1380.93
2594.290195,1381.73
2596.416389,1382.13
2598.568264,1380.03
2600.719568,1379.63
2602.844075,1380.43
2604.994243,1382.47
2607.117629,1380.2
2609.266662,1380.93
2611.388928,1382
2613.536828,1383.33
2615.657974,1379.63
2617.804741,1380.73
2619.924769,1381.17
2622.070404,1381.2
2624.189314,1380.73
2626.333818,1380.6
2628.451611,1381.87
2630.594985,1380.53
2632.711662,1381.3
2634.853907,1380.57
2636.995584,1379.03
2639.110586,1382.3
2641.251135,1380.8
2643.365023,1382.8
2645.504445,1381
2647.61722,1381.47
2649.755516,1383.03
2651.867179,1382.17
2654.00435,1380.27
2656.114902,1379.03
2658.250948,1381.5
2660.36039,1379.53
2662.495313,1380.1
2664.603645,1380.87
2666.737446,1382.33
2668.84467,1383.07
2670.977349,1382.5
2673.083465,1382.07
2675.189032,1381.63
2677.320033,1381
2679.424493,1382.9
2681.554375,1380.8
2683.65773,1380.37
2685.786493,1380.4
2687.888743,1381.07
2690.016389,1381.13
2692.117536,1381.2
2694.244064,1381.3
2696.344108,1379.97
2698.469521,1382.3
2700.568463,1379.43
2702.69276,1380.8
2704.790601,1379.97
2706.913785,1383.77
2709.010525,1381.77
2711.10672,1383.7
2713.228237,1381.03
2715.323333,1380.73
2717.443738,1380.97
2719.537735,1381.4
2721.657029,1384.53
2723.74993,1380
2725.868113,1381.23
2727.959917,1380.3
2730.076992,1382
2732.1677,1381.67
2734.257865,1380.17
2736.37328,1382.47
2738.462351,1384.4
2740.576659,1383.5
2742.664636,1379.7
2744.777837,1380.43
2746.864722,1380.77
2748.951064,1379.97
2751.062612,1380.5
2753.147863,1383.27
2755.258306,1380.83
2757.342466,1385.17
2759.451806,1381.63
2761.534877,1381.97
2763.617408,1380.87
2765.725097,1379.03
2767.806539,1381.47
2769.913128,1381.03
2771.993483,1380.27
2774.073298,1382.17
2776.178239,1380.3
2778.256968,1378.6
2780.360811,1379.7
2782.438455,1380.57
2784.541199,1379.47
2786.617758,1381.57
2788.693779,1378.93
2790.794881,1381.53
2792.869819,1380.57
2794.969826,1379.87
2797.043681,1379.37
2799.116999,1381
2801.215366,1377.2
2803.287603,1382
2805.359304,1380.07
2807.456034,1379.1
2809.526654,1378.47
2811.622292,1380.17
2813.691834,1382.5
2815.76084,1379.23
2817.854843,1377.87
2819.922772,1382.7
2822.015685,1381.3
2824.082536,1380.03
2826.148853,1380.97
2828.240136,1382.17
2830.305377,1379.67
2832.370084,1380.2
2834.459738,1380.63
2836.523371,1377.7
2838.586471,1380.2
2840.674497,1379.7
2842.736524,1381.03
2844.823465,1380
2846.884419,1381.03
2848.944841,1377.43
2851.030158,1379.93
2853.089509,1377.57
2855.148329,1380.4
2857.232024,1380.83
2859.289774,1381.8
2861.346992,1379.9
2863.429067,1379.6
2865.485217,1380.5
2867.540837,1378.17
2869.621294,1379.17
2871.675846,1381.17
2873.729868,1381.2
2875.808709,1379.3
2877.861666,1379.4
2879.914093,1380.87
2881.991319,1380.03
2884.042682,1380.03
2886.093515,1381.4
2888.16913,1380.27
2890.2189,1379.3
2892.268142,1383.03
2894.342145,1376.77
2896.390325,1380.73
2898.437978,1381.47
2900.510373,1378.1
2902.556964,1381.4
2904.603029,1382.23
2906.673817,1380.23
2908.718822,1381.27
2910.7633,1381.2
2912.832483,1381.07
2914.875903,1380.77
2916.918798,1377.9
2918.961167,1379.73
2921.028215,1380.5
2923.069527,1381.6
2925.110314,1378.33
2927.175762,1379.97
2929.215493,1378.3
2931.254701,1380.77
2933.31855,1378.67
2935.356702,1379.83
2937.394332,1379
2939.431438,1378.1
2941.49316,1378.73
2943.529213,1378.6
2945.564743,1377.23
2947.624871,1379
2949.65935,1378.97
2951.693306,1379.4
2953.726741,1380.93
2955.784748,1378.17
2957.817132,1379.17
2959.848995,1378.23
2961.905412,1380.83
2963.936226,1378.4
2965.96652,1380.7
2967.996293,1377.7
2970.050595,1378.17
2972.07932,1378.4
2974.107526,1376.2
2976.135212,1375.27
2978.187402,1376.9
2980.214043,1379.6
2982.240164,1378.9
2984.265766,1376.87
2986.315847,1377.6
2988.340406,1377.63
2990.364446,1379.2
2992.387968,1378.5
2994.435944,1375.7
2996.458423,1376.27
2998.480385,1377.97
3000.50183,1377.5
3002.547703,1376.77
3004.568107,1379.27
3006.587994,1375.07
3008.607365,1376.3
3010.651139,1377.97
3012.669471,1377.07
3014.687286,1379.4
3016.704586,1377.77
3018.746265,1377.27
3020.762527,1376.93
3022.778274,1379.07
3024.793505,1378.97
3026.833092,1375.83
3028.847288,1376.37
3030.86097,1377.4
3032.874137,1377.87
3034.88679,1378.07
3036.923767,1378.2
3038.935387,1377.57
3040.946492,1377.73
3042.957085,1378.03
3044.991977,1377.07
3047.001537,1378.07
3049.010585,1375.8
3051.01912,1377
3053.027143,1376.9
3055.059435,1377.27
3057.066427,1376.33
3059.072908,1377.6
3061.078878,1378.3
3063.084336,1376.1
3065.114032,1377.23
3067.118462,1376.27
3069.122381,1377.07
3071.125789,1374.17
3073.128688,1376.03
3075.155793,1377.7
3077.157665,1375.87
3079.159027,1376.4
3081.15988,1376.07
3083.160223,1378.07
3085.184743,1377.53
3087.184062,1378.63
3089.182872,1375.27
3091.181174,1377.6
3093.178967,1376.9
3095.200907,1375.2
3097.197678,1376.3
3099.19394,1376.37
3101.189696,1374.4
3103.184944,1375.17
3105.179685,1376.3
3107.198535,1376.93
3109.192256,1377.33
3111.18547,1374.2
3113.178178,1374.23
3115.170379,1378.1
3117.162074,1376.8
3119.177843,1377.33
3121.168521,1376.43
3123.158693,1375.83
3125.14836,1376.2
3127.137521,1375.13
3129.126178,1374.27
3131.138872,1376.03
3133.126514,1377.53
3135.113651,1375.03
3137.100284,1376.47
3139.086413,1375.47
3141.072038,1375.97
3143.081665,1375.33
3145.066277,1375.1
3147.050386,1374.93
3149.033992,1375.27
3151.017095,1373.9
3152.999696,1374.97
3154.981795,1375.63
3156.987852,1373.9
3158.96894,1373.73
3160.949526,1373.8
3162.92961,1374.7
3164.909193,1374.97
3166.888275,1376.27
3168.866856,1375.03
3170.844936,1376.23
3172.846927,1376.5
3174.823999,1375.13
3176.800572,1374.23
3178.776644,1374.07
3180.752216,1374.67
3182.727289,1376.4
3184.701862,1374.87
3186.675935,1374.7
3188.673872,1374.67
3190.646941,1374.53
3192.619512,1376.9
3194.591584,1371.93
3196.563157,1373.5
3198.534233,1375.03
3200.50481,1376.17
3202.47489,1373.6
3204.468784,1372.67
3206.437863,1374.57
3208.406444,1374.47
3210.374528,1374.87
3212.342115,1372.47
3214.309205,1373.5
3216.275799,1373.43
3218.241897,1374.67
3220.207498,1375.53
3222.172604,1374.13
3224.161465,1373.6
3226.125573,1374.5
3228.089186,1372.87
3230.052303,1374.9
3232.014926,1373.27
3233.977054,1374.57
3235.938687,1373.6
3237.899825,1373.23
3239.86047,1370.93
3241.82062,1372.57
3243.780276,1372.23
3245.763623,1373.97
3247.722286,1373.07
3249.680456,1372.87
3251.638133,1372.27
3253.595316,1374.2
3255.552007,1375.33
3257.508206,1375.4
3259.463912,1375.1
3261.419125,1373.03
3263.373847,1374.07
3265.328077,1373.33
3267.281815,1373.87
3269.235062,1375.33
3271.187818,1375.27
3273.164181,1372.4
3275.115948,1373.83
3277.067225,1373.97
3279.018011,1375.67
3280.968307,1375.43
3282.918113,1373.8
3284.867429,1373.7
3286.816255,1372.03
3288.764591,1371.7
3290.712438,1375.47
3292.659795,1372.87
3294.606664,1373.27
3296.553044,1372.93
3298.498935,1373.5
3300.444337,1372
3302.389252,1370.73
3304.333678,1370.73
3306.277616,1372.97
3308.221066,1372.2
3310.188013,1372.47
3312.130482,1371.47
3314.072464,1373.67
3316.01396,1373.57
3317.954968,1372
3319.895489,1372.37
3321.835524,1371.8
3323.775073,1372.17
3325.714136,1374.1
3327.652713,1373.7
3329.590804,1373.37
3331.528409,1371.3
3333.465529,1371.97
3335.402164,1372.3
3337.338314,1372.03
3339.273979,1370.53
3341.209159,1370.83
3343.143855,1371.87
3345.078066,1372.3
3347.011794,1373.9
3348.945037,1372.03
3350.877797,1371.63
3352.810073,1372.37
3354.741866,1373.93
3356.673175,1372.83
3358.604002,1372.97
3360.534346,1369.67
3362.464207,1372.93
3364.393585,1372.13
3366.322482,1370.33
3368.250896,1369.53
3370.178828,1373.2
3372.106278,1370.83
3374.033247,1375.43
3375.959735,1372.77
3377.885741,1372.9
3379.811266,1370.3
3381.73631,1371.13
3383.660874,1371.23
3385.584957,1372
3387.50856,1373.67
3389.431683,1371.1
3391.354326,1371.53
3393.276489,1372.9
3395.198172,1371.8
3397.119376,1373.47
3399.040101,1371.97
3400.960347,1371.53
3402.880113,1371.93
3404.799402,1371.2
3406.718211,1373.87
3408.636542,1373.17
3410.554395,1373.33
3412.471771,1372.57
3414.388668,1372.2
3416.305088,1372.4
3418.22103,1370.43
3420.136495,1372.87
3422.051483,1372.67
3423.965993,1370
3425.880028,1370.77
3427.793585,1371.17
3429.706667,1371
3431.619272,1369.77
3433.531401,1370.1
3435.443054,1371.43
3437.354231,1372.23
3439.241347,1370.87
3441.15158,1371.33
3443.061337,1372.87
3444.97062,1371.13
3446.879428,1371.43
3448.787761,1372.5
3450.695619,1369.9
3452.603004,1370.53
3454.509914,1372.67
3456.416351,1373.03
3458.322313,1372.1
3460.227802,1369.9
3462.132818,1370.3
3464.037361,1371.8
3465.94143,1373.17
3467.845027,1371.43
3469.748151,1372.77
3471.650803,1371.93
3473.552982,1369.73
3475.454689,1371.17
3477.332455,1370.2
3479.233224,1371.83
3481.133522,1370.4
3483.033348,1370.33
3484.932703,1368.2
3486.831587,1370.17
3488.73,1372.4
3490.627942,1370.83
3492.525413,1371.4
3494.422415,1372.67
3496.318946,1373.17
3498.215007,1371.4
3500.110598,1369
3502.005719,1368.3
3503.876983,1368.07
3505.771171,1369.37
3507.664891,1373.2
3509.558141,1370.33
3511.450922,1371.3
3513.343235,1370.07
3515.235079,1370.83
3517.126455,1371.7
3519.017363,1370.27
3520.907803,1371.3
3522.797775,1369.5
3524.687279,1368.07
3526.552998,1370.47
3528.441574,1371.37
3530.329682,1370.73
3532.217324,1370.43
3534.104499,1371.17
3535.991207,1369.77
3537.877449,1369.37
3539.763225,1370.4
3541.648534,1369.17
3543.533378,1369.1
3545.394495,1370.57
3547.278413,1371.13
3549.161866,1372.63
3551.044854,1371.43
3552.927377,1369.73
3554.809435,1369.3
3556.691028,1371.67
3558.572157,1370.83
3560.452821,1371.47
3562.309812,1373
3564.189554,1369.27
3566.068832,1370.97
3567.947647,1370.2
3569.825998,1373.5
3571.703886,1371.07
3573.581311,1371.3
3575.458272,1368.6
3577.334771,1370.6
3579.18765,1370.87
3581.063229,1368.57
3582.938347,1370.87
3584.813002,1369.7
3586.687195,1368.67
3588.560927,1372.43
3590.434197,1370.63
3592.283887,1373
3594.15624,1371.4
3596.028132,1370.3
3597.899563,1368.37
3599.770533,1367.87
3601.641043,1372.33
3603.511092,1369.13
3605.380682,1370.9
3607.226738,1370.57
3609.095413,1368.47
3610.963628,1370.03
3612.831383,1369.03
3614.69868,1369.37
3616.565517,1370.07
3618.431894,1369.97
3620.27478,1370.7
3622.140246,1369.57
3624.005254,1370.13
3625.869803,1368.83
3627.733894,1372.3
3629.597527,1370.2
3631.460702,1370.73
3633.300425,1369.5
3635.162691,1371.2
3637.024499,1370.8
3638.88585,1368.7
3640.746744,1371.17
3642.607181,1368.07
3644.444201,1369.03
3646.303731,1368
3648.162804,1369.23
3650.021421,1369.57
3651.879582,1369.4
3653.737287,1370.83
3655.57161,1368.03
3657.42841,1368.37
3659.284754,1368.93
3661.140643,1368.7
3662.996077,1368.47
3664.851056,1371.17
3666.682688,1369.33
3668.536764,1369.5
3670.390385,1368.5
3672.243552,1370
3674.096265,1370.53
3675.948524,1370.4
3677.777471,1368.93
3679.628828,1368.17
3681.479733,1369.97
3683.330184,1368.8
3685.180182,1366.47
3687.006896,1366.23
3688.855994,1370.47
3690.70464,1368.93
3692.552833,1368.43
3694.400574,1370.8
3696.247863,1370.47
3698.071903,1369.87
3699.918294,1369.83
3701.764234,1367.13
3703.609722,1370.3
3705.454759,1370.23
3707.276575,1369.73
3709.120716,1370.43
3710.964406,1369.13
3712.807646,1368.5
3714.650435,1370.73
3716.470032,1369.3
3718.311926,1366.4
3720.153371,1367.83
3721.994366,1367.43
3723.834911,1368
3725.652292,1367.2
3727.491945,1368.33
3729.331148,1370.57
3731.169902,1368.17
3733.008208,1368.3
3734.823378,1367.97
3736.660792,1368.43
3738.497758,1368.4
3740.334276,1367.4
3742.147682,1369.73
3743.983309,1367.9
3745.81849,1368.87
3747.653222,1367.3
3749.487508,1369.47
3751.298709,1366.83
3753.132106,1368.27
3754.965057,1369.2
3756.79756,1369.5
3758.607002,1368.4
3760.438619,1368.63
3762.269789,1367.5
3764.100514,1368.03
3765.930792,1369.1
3767.738037,1368.33
3769.56743,1367.2
3771.396378,1368.83
3773.224881,1368.33
3775.030373,1368.83
3776.857991,1368.6
3778.685165,1369.4
3780.511894,1366.53
3782.338179,1368.33
3784.141481,1368.6
3785.966883,1368.07
3787.791841,1367.9
3789.616356,1366.87
3791.41791,1368.33
3793.241543,1368.77
3795.064733,1368.97
3796.88748,1368.53
3798.68729,1368.7
3800.509157,1366.63
3802.330581,1368.27
3804.151563,1368.77
3805.949629,1369.57
3807.769732,1368.4
3809.589393,1367
3811.408613,1367.97
3813.204939,1368.43
3815.023281,1368.87
3816.841182,1369.07
3818.658641,1368.63
